[{"postal_code": "7600000", "postal_hyphen": "760-0000", "pref": "香川県", "city": "高松市", "town": "", "full": "香川県高松市"}, {"postal_code": "7600002", "postal_hyphen": "760-0002", "pref": "香川県", "city": "高松市", "town": "茜町", "full": "香川県高松市茜町"}, {"postal_code": "7600064", "postal_hyphen": "760-0064", "pref": "香川県", "city": "高松市", "town": "朝日新町", "full": "香川県高松市朝日新町"}, {"postal_code": "7600065", "postal_hyphen": "760-0065", "pref": "香川県", "city": "高松市", "town": "朝日町", "full": "香川県高松市朝日町"}, {"postal_code": "7610130", "postal_hyphen": "761-0130", "pref": "香川県", "city": "高松市", "town": "庵治町", "full": "香川県高松市庵治町"}, {"postal_code": "7618033", "postal_hyphen": "761-8033", "pref": "香川県", "city": "高松市", "town": "飯田町", "full": "香川県高松市飯田町"}, {"postal_code": "7618002", "postal_hyphen": "761-8002", "pref": "香川県", "city": "高松市", "town": "生島町", "full": "香川県高松市生島町"}, {"postal_code": "7600038", "postal_hyphen": "760-0038", "pref": "香川県", "city": "高松市", "town": "井口町", "full": "香川県高松市井口町"}, {"postal_code": "7610444", "postal_hyphen": "761-0444", "pref": "香川県", "city": "高松市", "town": "池田町", "full": "香川県高松市池田町"}, {"postal_code": "7618084", "postal_hyphen": "761-8084", "pref": "香川県", "city": "高松市", "town": "一宮町", "full": "香川県高松市一宮町"}, {"postal_code": "7600078", "postal_hyphen": "760-0078", "pref": "香川県", "city": "高松市", "town": "今里町", "full": "香川県高松市今里町"}, {"postal_code": "7600043", "postal_hyphen": "760-0043", "pref": "香川県", "city": "高松市", "town": "今新町", "full": "香川県高松市今新町"}, {"postal_code": "7618005", "postal_hyphen": "761-8005", "pref": "香川県", "city": "高松市", "town": "植松町", "full": "香川県高松市植松町"}, {"postal_code": "7600034", "postal_hyphen": "760-0034", "pref": "香川県", "city": "高松市", "town": "内町", "full": "香川県高松市内町"}, {"postal_code": "7618044", "postal_hyphen": "761-8044", "pref": "香川県", "city": "高松市", "town": "円座町", "full": "香川県高松市円座町"}, {"postal_code": "7600013", "postal_hyphen": "760-0013", "pref": "香川県", "city": "高松市", "town": "扇町", "full": "香川県高松市扇町"}, {"postal_code": "7618074", "postal_hyphen": "761-8074", "pref": "香川県", "city": "高松市", "town": "太田上町", "full": "香川県高松市太田上町"}, {"postal_code": "7618073", "postal_hyphen": "761-8073", "pref": "香川県", "city": "高松市", "town": "太田下町", "full": "香川県高松市太田下町"}, {"postal_code": "7618047", "postal_hyphen": "761-8047", "pref": "香川県", "city": "高松市", "town": "岡本町", "full": "香川県高松市岡本町"}, {"postal_code": "7600091", "postal_hyphen": "760-0091", "pref": "香川県", "city": "高松市", "town": "男木町", "full": "香川県高松市男木町"}, {"postal_code": "7610431", "postal_hyphen": "761-0431", "pref": "香川県", "city": "高松市", "town": "小村町", "full": "香川県高松市小村町"}, {"postal_code": "7611703", "postal_hyphen": "761-1703", "pref": "香川県", "city": "高松市", "town": "香川町浅野", "full": "香川県高松市香川町浅野"}, {"postal_code": "7611701", "postal_hyphen": "761-1701", "pref": "香川県", "city": "高松市", "town": "香川町大野", "full": "香川県高松市香川町大野"}, {"postal_code": "7611704", "postal_hyphen": "761-1704", "pref": "香川県", "city": "高松市", "town": "香川町川内原", "full": "香川県高松市香川町川内原"}, {"postal_code": "7611706", "postal_hyphen": "761-1706", "pref": "香川県", "city": "高松市", "town": "香川町川東上", "full": "香川県高松市香川町川東上"}, {"postal_code": "7611705", "postal_hyphen": "761-1705", "pref": "香川県", "city": "高松市", "town": "香川町川東下", "full": "香川県高松市香川町川東下"}, {"postal_code": "7611702", "postal_hyphen": "761-1702", "pref": "香川県", "city": "高松市", "town": "香川町寺井", "full": "香川県高松市香川町寺井"}, {"postal_code": "7611707", "postal_hyphen": "761-1707", "pref": "香川県", "city": "高松市", "town": "香川町東谷", "full": "香川県高松市香川町東谷"}, {"postal_code": "7611708", "postal_hyphen": "761-1708", "pref": "香川県", "city": "高松市", "town": "香川町安原下", "full": "香川県高松市香川町安原下"}, {"postal_code": "7600028", "postal_hyphen": "760-0028", "pref": "香川県", "city": "高松市", "town": "鍛冶屋町", "full": "香川県高松市鍛冶屋町"}, {"postal_code": "7610101", "postal_hyphen": "761-0101", "pref": "香川県", "city": "高松市", "town": "春日町", "full": "香川県高松市春日町"}, {"postal_code": "7600040", "postal_hyphen": "760-0040", "pref": "香川県", "city": "高松市", "town": "片原町", "full": "香川県高松市片原町"}, {"postal_code": "7618082", "postal_hyphen": "761-8082", "pref": "香川県", "city": "高松市", "town": "鹿角町", "full": "香川県高松市鹿角町"}, {"postal_code": "7618056", "postal_hyphen": "761-8056", "pref": "香川県", "city": "高松市", "town": "上天神町", "full": "香川県高松市上天神町"}, {"postal_code": "7618064", "postal_hyphen": "761-8064", "pref": "香川県", "city": "高松市", "town": "上之町", "full": "香川県高松市上之町"}, {"postal_code": "7610302", "postal_hyphen": "761-0302", "pref": "香川県", "city": "高松市", "town": "上林町", "full": "香川県高松市上林町"}, {"postal_code": "7600077", "postal_hyphen": "760-0077", "pref": "香川県", "city": "高松市", "town": "上福岡町", "full": "香川県高松市上福岡町"}, {"postal_code": "7618055", "postal_hyphen": "761-8055", "pref": "香川県", "city": "高松市", "town": "紙町", "full": "香川県高松市紙町"}, {"postal_code": "7600050", "postal_hyphen": "760-0050", "pref": "香川県", "city": "高松市", "town": "亀井町", "full": "香川県高松市亀井町"}, {"postal_code": "7600006", "postal_hyphen": "760-0006", "pref": "香川県", "city": "高松市", "town": "亀岡町", "full": "香川県高松市亀岡町"}, {"postal_code": "7610323", "postal_hyphen": "761-0323", "pref": "香川県", "city": "高松市", "town": "亀田町", "full": "香川県高松市亀田町"}, {"postal_code": "7610432", "postal_hyphen": "761-0432", "pref": "香川県", "city": "高松市", "town": "亀田南町", "full": "香川県高松市亀田南町"}, {"postal_code": "7610443", "postal_hyphen": "761-0443", "pref": "香川県", "city": "高松市", "town": "川島東町", "full": "香川県高松市川島東町"}, {"postal_code": "7610442", "postal_hyphen": "761-0442", "pref": "香川県", "city": "高松市", "town": "川島本町", "full": "香川県高松市川島本町"}, {"postal_code": "7618046", "postal_hyphen": "761-8046", "pref": "香川県", "city": "高松市", "town": "川部町", "full": "香川県高松市川部町"}, {"postal_code": "7600052", "postal_hyphen": "760-0052", "pref": "香川県", "city": "高松市", "town": "瓦町", "full": "香川県高松市瓦町"}, {"postal_code": "7600076", "postal_hyphen": "760-0076", "pref": "香川県", "city": "高松市", "town": "観光町", "full": "香川県高松市観光町"}, {"postal_code": "7600055", "postal_hyphen": "760-0055", "pref": "香川県", "city": "高松市", "town": "観光通", "full": "香川県高松市観光通"}, {"postal_code": "7600080", "postal_hyphen": "760-0080", "pref": "香川県", "city": "高松市", "town": "木太町", "full": "香川県高松市木太町"}, {"postal_code": "7600031", "postal_hyphen": "760-0031", "pref": "香川県", "city": "高松市", "town": "北浜町", "full": "香川県高松市北浜町"}, {"postal_code": "7618026", "postal_hyphen": "761-8026", "pref": "香川県", "city": "高松市", "town": "鬼無町鬼無", "full": "香川県高松市鬼無町鬼無"}, {"postal_code": "7618021", "postal_hyphen": "761-8021", "pref": "香川県", "city": "高松市", "town": "鬼無町是竹", "full": "香川県高松市鬼無町是竹"}, {"postal_code": "7618023", "postal_hyphen": "761-8023", "pref": "香川県", "city": "高松市", "town": "鬼無町佐藤", "full": "香川県高松市鬼無町佐藤"}, {"postal_code": "7618022", "postal_hyphen": "761-8022", "pref": "香川県", "city": "高松市", "town": "鬼無町佐料", "full": "香川県高松市鬼無町佐料"}, {"postal_code": "7618024", "postal_hyphen": "761-8024", "pref": "香川県", "city": "高松市", "town": "鬼無町藤井", "full": "香川県高松市鬼無町藤井"}, {"postal_code": "7618025", "postal_hyphen": "761-8025", "pref": "香川県", "city": "高松市", "town": "鬼無町山口", "full": "香川県高松市鬼無町山口"}, {"postal_code": "7600075", "postal_hyphen": "760-0075", "pref": "香川県", "city": "高松市", "town": "楠上町", "full": "香川県高松市楠上町"}, {"postal_code": "7618013", "postal_hyphen": "761-8013", "pref": "香川県", "city": "高松市", "town": "香西東町", "full": "香川県高松市香西東町"}, {"postal_code": "7618015", "postal_hyphen": "761-8015", "pref": "香川県", "city": "高松市", "town": "香西西町", "full": "香川県高松市香西西町"}, {"postal_code": "7618014", "postal_hyphen": "761-8014", "pref": "香川県", "city": "高松市", "town": "香西南町", "full": "香川県高松市香西南町"}, {"postal_code": "7618011", "postal_hyphen": "761-8011", "pref": "香川県", "city": "高松市", "town": "香西北町", "full": "香川県高松市香西北町"}, {"postal_code": "7618012", "postal_hyphen": "761-8012", "pref": "香川県", "city": "高松市", "town": "香西本町", "full": "香川県高松市香西本町"}, {"postal_code": "7618031", "postal_hyphen": "761-8031", "pref": "香川県", "city": "高松市", "town": "郷東町", "full": "香川県高松市郷東町"}, {"postal_code": "7611405", "postal_hyphen": "761-1405", "pref": "香川県", "city": "高松市", "town": "香南町池内", "full": "香川県高松市香南町池内"}, {"postal_code": "7611401", "postal_hyphen": "761-1401", "pref": "香川県", "city": "高松市", "town": "香南町岡", "full": "香川県高松市香南町岡"}, {"postal_code": "7611406", "postal_hyphen": "761-1406", "pref": "香川県", "city": "高松市", "town": "香南町西庄", "full": "香川県高松市香南町西庄"}, {"postal_code": "7611402", "postal_hyphen": "761-1402", "pref": "香川県", "city": "高松市", "town": "香南町由佐", "full": "香川県高松市香南町由佐"}, {"postal_code": "7611404", "postal_hyphen": "761-1404", "pref": "香川県", "city": "高松市", "town": "香南町横井", "full": "香川県高松市香南町横井"}, {"postal_code": "7611403", "postal_hyphen": "761-1403", "pref": "香川県", "city": "高松市", "town": "香南町吉光", "full": "香川県高松市香南町吉光"}, {"postal_code": "7690105", "postal_hyphen": "769-0105", "pref": "香川県", "city": "高松市", "town": "国分寺町柏原", "full": "香川県高松市国分寺町柏原"}, {"postal_code": "7690102", "postal_hyphen": "769-0102", "pref": "香川県", "city": "高松市", "town": "国分寺町国分", "full": "香川県高松市国分寺町国分"}, {"postal_code": "7690104", "postal_hyphen": "769-0104", "pref": "香川県", "city": "高松市", "town": "国分寺町新名", "full": "香川県高松市国分寺町新名"}, {"postal_code": "7690101", "postal_hyphen": "769-0101", "pref": "香川県", "city": "高松市", "town": "国分寺町新居", "full": "香川県高松市国分寺町新居"}, {"postal_code": "7690103", "postal_hyphen": "769-0103", "pref": "香川県", "city": "高松市", "town": "国分寺町福家", "full": "香川県高松市国分寺町福家"}, {"postal_code": "7600023", "postal_hyphen": "760-0023", "pref": "香川県", "city": "高松市", "town": "寿町", "full": "香川県高松市寿町"}, {"postal_code": "7600044", "postal_hyphen": "760-0044", "pref": "香川県", "city": "高松市", "town": "御坊町", "full": "香川県高松市御坊町"}, {"postal_code": "7600027", "postal_hyphen": "760-0027", "pref": "香川県", "city": "高松市", "town": "紺屋町", "full": "香川県高松市紺屋町"}, {"postal_code": "7600004", "postal_hyphen": "760-0004", "pref": "香川県", "city": "高松市", "town": "西宝町", "full": "香川県高松市西宝町"}, {"postal_code": "7600016", "postal_hyphen": "760-0016", "pref": "香川県", "city": "高松市", "town": "幸町", "full": "香川県高松市幸町"}, {"postal_code": "7600074", "postal_hyphen": "760-0074", "pref": "香川県", "city": "高松市", "town": "桜町", "full": "香川県高松市桜町"}, {"postal_code": "7618072", "postal_hyphen": "761-8072", "pref": "香川県", "city": "高松市", "town": "三条町", "full": "香川県高松市三条町"}, {"postal_code": "7600019", "postal_hyphen": "760-0019", "pref": "香川県", "city": "高松市", "town": "サンポート", "full": "香川県高松市サンポート"}, {"postal_code": "7618083", "postal_hyphen": "761-8083", "pref": "香川県", "city": "高松市", "town": "三名町", "full": "香川県高松市三名町"}, {"postal_code": "7600015", "postal_hyphen": "760-0015", "pref": "香川県", "city": "高松市", "town": "紫雲町", "full": "香川県高松市紫雲町"}, {"postal_code": "7600062", "postal_hyphen": "760-0062", "pref": "香川県", "city": "高松市", "town": "塩上町", "full": "香川県高松市塩上町"}, {"postal_code": "7611614", "postal_hyphen": "761-1614", "pref": "香川県", "city": "高松市", "town": "塩江町上西乙", "full": "香川県高松市塩江町上西乙"}, {"postal_code": "7611613", "postal_hyphen": "761-1613", "pref": "香川県", "city": "高松市", "town": "塩江町上西甲", "full": "香川県高松市塩江町上西甲"}, {"postal_code": "7611611", "postal_hyphen": "761-1611", "pref": "香川県", "city": "高松市", "town": "塩江町安原上", "full": "香川県高松市塩江町安原上"}, {"postal_code": "7611612", "postal_hyphen": "761-1612", "pref": "香川県", "city": "高松市", "town": "塩江町安原上東", "full": "香川県高松市塩江町安原上東"}, {"postal_code": "7611615", "postal_hyphen": "761-1615", "pref": "香川県", "city": "高松市", "town": "塩江町安原下（上小田）", "full": "香川県高松市塩江町安原下（上小田）"}, {"postal_code": "7611615", "postal_hyphen": "761-1615", "pref": "香川県", "city": "高松市", "town": "塩江町安原下（炭谷）", "full": "香川県高松市塩江町安原下（炭谷）"}, {"postal_code": "7611501", "postal_hyphen": "761-1501", "pref": "香川県", "city": "高松市", "town": "塩江町安原下（第１号）", "full": "香川県高松市塩江町安原下（第１号）"}, {"postal_code": "7611502", "postal_hyphen": "761-1502", "pref": "香川県", "city": "高松市", "town": "塩江町安原下（第２号）", "full": "香川県高松市塩江町安原下（第２号）"}, {"postal_code": "7611503", "postal_hyphen": "761-1503", "pref": "香川県", "city": "高松市", "town": "塩江町安原下（第３号）", "full": "香川県高松市塩江町安原下（第３号）"}, {"postal_code": "7611504", "postal_hyphen": "761-1504", "pref": "香川県", "city": "高松市", "town": "塩江町安原下（その他）", "full": "香川県高松市塩江町安原下（その他）"}, {"postal_code": "7600047", "postal_hyphen": "760-0047", "pref": "香川県", "city": "高松市", "town": "塩屋町", "full": "香川県高松市塩屋町"}, {"postal_code": "7610313", "postal_hyphen": "761-0313", "pref": "香川県", "city": "高松市", "town": "下田井町", "full": "香川県高松市下田井町"}, {"postal_code": "7618077", "postal_hyphen": "761-8077", "pref": "香川県", "city": "高松市", "town": "出作町", "full": "香川県高松市出作町"}, {"postal_code": "7600036", "postal_hyphen": "760-0036", "pref": "香川県", "city": "高松市", "town": "城東町", "full": "香川県高松市城東町"}, {"postal_code": "7600014", "postal_hyphen": "760-0014", "pref": "香川県", "city": "高松市", "town": "昭和町", "full": "香川県高松市昭和町"}, {"postal_code": "7600001", "postal_hyphen": "760-0001", "pref": "香川県", "city": "高松市", "town": "新北町", "full": "香川県高松市新北町"}, {"postal_code": "7618003", "postal_hyphen": "761-8003", "pref": "香川県", "city": "高松市", "town": "神在川窪町", "full": "香川県高松市神在川窪町"}, {"postal_code": "7610102", "postal_hyphen": "761-0102", "pref": "香川県", "city": "高松市", "town": "新田町甲", "full": "香川県高松市新田町甲"}, {"postal_code": "7610103", "postal_hyphen": "761-0103", "pref": "香川県", "city": "高松市", "town": "新田町乙", "full": "香川県高松市新田町乙"}, {"postal_code": "7600060", "postal_hyphen": "760-0060", "pref": "香川県", "city": "高松市", "town": "末広町", "full": "香川県高松市末広町"}, {"postal_code": "7611616", "postal_hyphen": "761-1616", "pref": "香川県", "city": "高松市", "town": "菅沢町", "full": "香川県高松市菅沢町"}, {"postal_code": "7600012", "postal_hyphen": "760-0012", "pref": "香川県", "city": "高松市", "town": "瀬戸内町", "full": "香川県高松市瀬戸内町"}, {"postal_code": "7610434", "postal_hyphen": "761-0434", "pref": "香川県", "city": "高松市", "town": "十川東町", "full": "香川県高松市十川東町"}, {"postal_code": "7610433", "postal_hyphen": "761-0433", "pref": "香川県", "city": "高松市", "town": "十川西町", "full": "香川県高松市十川西町"}, {"postal_code": "7610104", "postal_hyphen": "761-0104", "pref": "香川県", "city": "高松市", "town": "高松町", "full": "香川県高松市高松町"}, {"postal_code": "7600063", "postal_hyphen": "760-0063", "pref": "香川県", "city": "高松市", "town": "多賀町", "full": "香川県高松市多賀町"}, {"postal_code": "7618076", "postal_hyphen": "761-8076", "pref": "香川県", "city": "高松市", "town": "多肥上町", "full": "香川県高松市多肥上町"}, {"postal_code": "7618075", "postal_hyphen": "761-8075", "pref": "香川県", "city": "高松市", "town": "多肥下町", "full": "香川県高松市多肥下町"}, {"postal_code": "7600053", "postal_hyphen": "760-0053", "pref": "香川県", "city": "高松市", "town": "田町", "full": "香川県高松市田町"}, {"postal_code": "7600030", "postal_hyphen": "760-0030", "pref": "香川県", "city": "高松市", "town": "玉藻町", "full": "香川県高松市玉藻町"}, {"postal_code": "7618057", "postal_hyphen": "761-8057", "pref": "香川県", "city": "高松市", "town": "田村町", "full": "香川県高松市田村町"}, {"postal_code": "7618001", "postal_hyphen": "761-8001", "pref": "香川県", "city": "高松市", "town": "亀水町", "full": "香川県高松市亀水町"}, {"postal_code": "7600042", "postal_hyphen": "760-0042", "pref": "香川県", "city": "高松市", "town": "大工町", "full": "香川県高松市大工町"}, {"postal_code": "7618041", "postal_hyphen": "761-8041", "pref": "香川県", "city": "高松市", "town": "檀紙町", "full": "香川県高松市檀紙町"}, {"postal_code": "7600007", "postal_hyphen": "760-0007", "pref": "香川県", "city": "高松市", "town": "中央町", "full": "香川県高松市中央町"}, {"postal_code": "7618058", "postal_hyphen": "761-8058", "pref": "香川県", "city": "高松市", "town": "勅使町", "full": "香川県高松市勅使町"}, {"postal_code": "7600061", "postal_hyphen": "760-0061", "pref": "香川県", "city": "高松市", "town": "築地町", "full": "香川県高松市築地町"}, {"postal_code": "7600093", "postal_hyphen": "760-0093", "pref": "香川県", "city": "高松市", "town": "鶴市町（台山）", "full": "香川県高松市鶴市町（台山）"}, {"postal_code": "7618032", "postal_hyphen": "761-8032", "pref": "香川県", "city": "高松市", "town": "鶴市町（その他）", "full": "香川県高松市鶴市町（その他）"}, {"postal_code": "7600035", "postal_hyphen": "760-0035", "pref": "香川県", "city": "高松市", "town": "鶴屋町", "full": "香川県高松市鶴屋町"}, {"postal_code": "7618085", "postal_hyphen": "761-8085", "pref": "香川県", "city": "高松市", "town": "寺井町", "full": "香川県高松市寺井町"}, {"postal_code": "7600018", "postal_hyphen": "760-0018", "pref": "香川県", "city": "高松市", "town": "天神前", "full": "香川県高松市天神前"}, {"postal_code": "7600046", "postal_hyphen": "760-0046", "pref": "香川県", "city": "高松市", "town": "通町", "full": "香川県高松市通町"}, {"postal_code": "7600054", "postal_hyphen": "760-0054", "pref": "香川県", "city": "高松市", "town": "常磐町", "full": "香川県高松市常磐町"}, {"postal_code": "7600026", "postal_hyphen": "760-0026", "pref": "香川県", "city": "高松市", "town": "磨屋町", "full": "香川県高松市磨屋町"}, {"postal_code": "7600056", "postal_hyphen": "760-0056", "pref": "香川県", "city": "高松市", "town": "中新町", "full": "香川県高松市中新町"}, {"postal_code": "7618043", "postal_hyphen": "761-8043", "pref": "香川県", "city": "高松市", "town": "中間町", "full": "香川県高松市中間町"}, {"postal_code": "7600008", "postal_hyphen": "760-0008", "pref": "香川県", "city": "高松市", "town": "中野町", "full": "香川県高松市中野町"}, {"postal_code": "7618004", "postal_hyphen": "761-8004", "pref": "香川県", "city": "高松市", "town": "中山町", "full": "香川県高松市中山町"}, {"postal_code": "7618081", "postal_hyphen": "761-8081", "pref": "香川県", "city": "高松市", "town": "成合町", "full": "香川県高松市成合町"}, {"postal_code": "7610445", "postal_hyphen": "761-0445", "pref": "香川県", "city": "高松市", "town": "西植田町", "full": "香川県高松市西植田町"}, {"postal_code": "7600022", "postal_hyphen": "760-0022", "pref": "香川県", "city": "高松市", "town": "西内町", "full": "香川県高松市西内町"}, {"postal_code": "7618051", "postal_hyphen": "761-8051", "pref": "香川県", "city": "高松市", "town": "西春日町", "full": "香川県高松市西春日町"}, {"postal_code": "7600020", "postal_hyphen": "760-0020", "pref": "香川県", "city": "高松市", "town": "錦町", "full": "香川県高松市錦町"}, {"postal_code": "7600021", "postal_hyphen": "760-0021", "pref": "香川県", "city": "高松市", "town": "西の丸町", "full": "香川県高松市西の丸町"}, {"postal_code": "7618053", "postal_hyphen": "761-8053", "pref": "香川県", "city": "高松市", "town": "西ハゼ町", "full": "香川県高松市西ハゼ町"}, {"postal_code": "7600003", "postal_hyphen": "760-0003", "pref": "香川県", "city": "高松市", "town": "西町", "full": "香川県高松市西町"}, {"postal_code": "7618045", "postal_hyphen": "761-8045", "pref": "香川県", "city": "高松市", "town": "西山崎町", "full": "香川県高松市西山崎町"}, {"postal_code": "7600057", "postal_hyphen": "760-0057", "pref": "香川県", "city": "高松市", "town": "旅籠町", "full": "香川県高松市旅籠町"}, {"postal_code": "7600072", "postal_hyphen": "760-0072", "pref": "香川県", "city": "高松市", "town": "花園町", "full": "香川県高松市花園町"}, {"postal_code": "7618063", "postal_hyphen": "761-8063", "pref": "香川県", "city": "高松市", "town": "花ノ宮町", "full": "香川県高松市花ノ宮町"}, {"postal_code": "7600011", "postal_hyphen": "760-0011", "pref": "香川県", "city": "高松市", "town": "浜ノ町", "full": "香川県高松市浜ノ町"}, {"postal_code": "7610301", "postal_hyphen": "761-0301", "pref": "香川県", "city": "高松市", "town": "林町", "full": "香川県高松市林町"}, {"postal_code": "7600017", "postal_hyphen": "760-0017", "pref": "香川県", "city": "高松市", "town": "番町", "full": "香川県高松市番町"}, {"postal_code": "7610446", "postal_hyphen": "761-0446", "pref": "香川県", "city": "高松市", "town": "東植田町", "full": "香川県高松市東植田町"}, {"postal_code": "7600058", "postal_hyphen": "760-0058", "pref": "香川県", "city": "高松市", "town": "東田町", "full": "香川県高松市東田町"}, {"postal_code": "7618054", "postal_hyphen": "761-8054", "pref": "香川県", "city": "高松市", "town": "東ハゼ町", "full": "香川県高松市東ハゼ町"}, {"postal_code": "7600037", "postal_hyphen": "760-0037", "pref": "香川県", "city": "高松市", "town": "東浜町", "full": "香川県高松市東浜町"}, {"postal_code": "7610312", "postal_hyphen": "761-0312", "pref": "香川県", "city": "高松市", "town": "東山崎町", "full": "香川県高松市東山崎町"}, {"postal_code": "7600041", "postal_hyphen": "760-0041", "pref": "香川県", "city": "高松市", "town": "百間町", "full": "香川県高松市百間町"}, {"postal_code": "7600024", "postal_hyphen": "760-0024", "pref": "香川県", "city": "高松市", "town": "兵庫町", "full": "香川県高松市兵庫町"}, {"postal_code": "7600066", "postal_hyphen": "760-0066", "pref": "香川県", "city": "高松市", "town": "福岡町", "full": "香川県高松市福岡町"}, {"postal_code": "7600048", "postal_hyphen": "760-0048", "pref": "香川県", "city": "高松市", "town": "福田町", "full": "香川県高松市福田町"}, {"postal_code": "7600071", "postal_hyphen": "760-0071", "pref": "香川県", "city": "高松市", "town": "藤塚町", "full": "香川県高松市藤塚町"}, {"postal_code": "7618071", "postal_hyphen": "761-8071", "pref": "香川県", "city": "高松市", "town": "伏石町", "full": "香川県高松市伏石町"}, {"postal_code": "7600025", "postal_hyphen": "760-0025", "pref": "香川県", "city": "高松市", "town": "古新町", "full": "香川県高松市古新町"}, {"postal_code": "7600045", "postal_hyphen": "760-0045", "pref": "香川県", "city": "高松市", "town": "古馬場町", "full": "香川県高松市古馬場町"}, {"postal_code": "7618078", "postal_hyphen": "761-8078", "pref": "香川県", "city": "高松市", "town": "仏生山町甲", "full": "香川県高松市仏生山町甲"}, {"postal_code": "7618079", "postal_hyphen": "761-8079", "pref": "香川県", "city": "高松市", "town": "仏生山町乙", "full": "香川県高松市仏生山町乙"}, {"postal_code": "7600032", "postal_hyphen": "760-0032", "pref": "香川県", "city": "高松市", "town": "本町", "full": "香川県高松市本町"}, {"postal_code": "7610322", "postal_hyphen": "761-0322", "pref": "香川県", "city": "高松市", "town": "前田東町", "full": "香川県高松市前田東町"}, {"postal_code": "7610321", "postal_hyphen": "761-0321", "pref": "香川県", "city": "高松市", "town": "前田西町", "full": "香川県高松市前田西町"}, {"postal_code": "7600068", "postal_hyphen": "760-0068", "pref": "香川県", "city": "高松市", "town": "松島町", "full": "香川県高松市松島町"}, {"postal_code": "7618052", "postal_hyphen": "761-8052", "pref": "香川県", "city": "高松市", "town": "松並町", "full": "香川県高松市松並町"}, {"postal_code": "7600079", "postal_hyphen": "760-0079", "pref": "香川県", "city": "高松市", "town": "松縄町", "full": "香川県高松市松縄町"}, {"postal_code": "7600067", "postal_hyphen": "760-0067", "pref": "香川県", "city": "高松市", "town": "松福町", "full": "香川県高松市松福町"}, {"postal_code": "7600029", "postal_hyphen": "760-0029", "pref": "香川県", "city": "高松市", "town": "丸亀町", "full": "香川県高松市丸亀町"}, {"postal_code": "7600033", "postal_hyphen": "760-0033", "pref": "香川県", "city": "高松市", "town": "丸の内", "full": "香川県高松市丸の内"}, {"postal_code": "7610450", "postal_hyphen": "761-0450", "pref": "香川県", "city": "高松市", "town": "三谷町", "full": "香川県高松市三谷町"}, {"postal_code": "7600051", "postal_hyphen": "760-0051", "pref": "香川県", "city": "高松市", "town": "南新町", "full": "香川県高松市南新町"}, {"postal_code": "7600009", "postal_hyphen": "760-0009", "pref": "香川県", "city": "高松市", "town": "峰山町", "full": "香川県高松市峰山町"}, {"postal_code": "7618042", "postal_hyphen": "761-8042", "pref": "香川県", "city": "高松市", "town": "御厩町", "full": "香川県高松市御厩町"}, {"postal_code": "7600005", "postal_hyphen": "760-0005", "pref": "香川県", "city": "高松市", "town": "宮脇町", "full": "香川県高松市宮脇町"}, {"postal_code": "7610122", "postal_hyphen": "761-0122", "pref": "香川県", "city": "高松市", "town": "牟礼町大町", "full": "香川県高松市牟礼町大町"}, {"postal_code": "7610123", "postal_hyphen": "761-0123", "pref": "香川県", "city": "高松市", "town": "牟礼町原", "full": "香川県高松市牟礼町原"}, {"postal_code": "7610121", "postal_hyphen": "761-0121", "pref": "香川県", "city": "高松市", "town": "牟礼町牟礼", "full": "香川県高松市牟礼町牟礼"}, {"postal_code": "7618062", "postal_hyphen": "761-8062", "pref": "香川県", "city": "高松市", "town": "室新町", "full": "香川県高松市室新町"}, {"postal_code": "7618061", "postal_hyphen": "761-8061", "pref": "香川県", "city": "高松市", "town": "室町", "full": "香川県高松市室町"}, {"postal_code": "7600092", "postal_hyphen": "760-0092", "pref": "香川県", "city": "高松市", "town": "女木町", "full": "香川県高松市女木町"}, {"postal_code": "7610311", "postal_hyphen": "761-0311", "pref": "香川県", "city": "高松市", "town": "元山町", "full": "香川県高松市元山町"}, {"postal_code": "7600049", "postal_hyphen": "760-0049", "pref": "香川県", "city": "高松市", "town": "八坂町", "full": "香川県高松市八坂町"}, {"postal_code": "7610112", "postal_hyphen": "761-0112", "pref": "香川県", "city": "高松市", "town": "屋島中町", "full": "香川県高松市屋島中町"}, {"postal_code": "7610111", "postal_hyphen": "761-0111", "pref": "香川県", "city": "高松市", "town": "屋島東町", "full": "香川県高松市屋島東町"}, {"postal_code": "7610113", "postal_hyphen": "761-0113", "pref": "香川県", "city": "高松市", "town": "屋島西町", "full": "香川県高松市屋島西町"}, {"postal_code": "7610441", "postal_hyphen": "761-0441", "pref": "香川県", "city": "高松市", "town": "由良町", "full": "香川県高松市由良町"}, {"postal_code": "7600073", "postal_hyphen": "760-0073", "pref": "香川県", "city": "高松市", "town": "栗林町", "full": "香川県高松市栗林町"}, {"postal_code": "7610303", "postal_hyphen": "761-0303", "pref": "香川県", "city": "高松市", "town": "六条町", "full": "香川県高松市六条町"}, {"postal_code": "7630000", "postal_hyphen": "763-0000", "pref": "香川県", "city": "丸亀市", "town": "", "full": "香川県丸亀市"}, {"postal_code": "7612401", "postal_hyphen": "761-2401", "pref": "香川県", "city": "丸亀市", "town": "綾歌町岡田上", "full": "香川県丸亀市綾歌町岡田上"}, {"postal_code": "7612402", "postal_hyphen": "761-2402", "pref": "香川県", "city": "丸亀市", "town": "綾歌町岡田下", "full": "香川県丸亀市綾歌町岡田下"}, {"postal_code": "7612404", "postal_hyphen": "761-2404", "pref": "香川県", "city": "丸亀市", "town": "綾歌町岡田東", "full": "香川県丸亀市綾歌町岡田東"}, {"postal_code": "7612403", "postal_hyphen": "761-2403", "pref": "香川県", "city": "丸亀市", "town": "綾歌町岡田西", "full": "香川県丸亀市綾歌町岡田西"}, {"postal_code": "7612406", "postal_hyphen": "761-2406", "pref": "香川県", "city": "丸亀市", "town": "綾歌町栗熊東", "full": "香川県丸亀市綾歌町栗熊東"}, {"postal_code": "7612405", "postal_hyphen": "761-2405", "pref": "香川県", "city": "丸亀市", "town": "綾歌町栗熊西", "full": "香川県丸亀市綾歌町栗熊西"}, {"postal_code": "7612408", "postal_hyphen": "761-2408", "pref": "香川県", "city": "丸亀市", "town": "綾歌町富熊（富士見坂）", "full": "香川県丸亀市綾歌町富熊（富士見坂）"}, {"postal_code": "7612407", "postal_hyphen": "761-2407", "pref": "香川県", "city": "丸亀市", "town": "綾歌町富熊（その他）", "full": "香川県丸亀市綾歌町富熊（その他）"}, {"postal_code": "7630084", "postal_hyphen": "763-0084", "pref": "香川県", "city": "丸亀市", "town": "飯野町東二", "full": "香川県丸亀市飯野町東二"}, {"postal_code": "7630085", "postal_hyphen": "763-0085", "pref": "香川県", "city": "丸亀市", "town": "飯野町東分", "full": "香川県丸亀市飯野町東分"}, {"postal_code": "7630086", "postal_hyphen": "763-0086", "pref": "香川県", "city": "丸亀市", "town": "飯野町西分", "full": "香川県丸亀市飯野町西分"}, {"postal_code": "7630025", "postal_hyphen": "763-0025", "pref": "香川県", "city": "丸亀市", "town": "一番丁", "full": "香川県丸亀市一番丁"}, {"postal_code": "7630051", "postal_hyphen": "763-0051", "pref": "香川県", "city": "丸亀市", "town": "今津町", "full": "香川県丸亀市今津町"}, {"postal_code": "7630006", "postal_hyphen": "763-0006", "pref": "香川県", "city": "丸亀市", "town": "魚屋町", "full": "香川県丸亀市魚屋町"}, {"postal_code": "7630231", "postal_hyphen": "763-0231", "pref": "香川県", "city": "丸亀市", "town": "牛島", "full": "香川県丸亀市牛島"}, {"postal_code": "7630034", "postal_hyphen": "763-0034", "pref": "香川県", "city": "丸亀市", "town": "大手町", "full": "香川県丸亀市大手町"}, {"postal_code": "7630053", "postal_hyphen": "763-0053", "pref": "香川県", "city": "丸亀市", "town": "金倉町", "full": "香川県丸亀市金倉町"}, {"postal_code": "7630003", "postal_hyphen": "763-0003", "pref": "香川県", "city": "丸亀市", "town": "葭町", "full": "香川県丸亀市葭町"}, {"postal_code": "7630092", "postal_hyphen": "763-0092", "pref": "香川県", "city": "丸亀市", "town": "川西町南", "full": "香川県丸亀市川西町南"}, {"postal_code": "7630091", "postal_hyphen": "763-0091", "pref": "香川県", "city": "丸亀市", "town": "川西町北", "full": "香川県丸亀市川西町北"}, {"postal_code": "7630002", "postal_hyphen": "763-0002", "pref": "香川県", "city": "丸亀市", "town": "瓦町", "full": "香川県丸亀市瓦町"}, {"postal_code": "7630015", "postal_hyphen": "763-0015", "pref": "香川県", "city": "丸亀市", "town": "北平山町", "full": "香川県丸亀市北平山町"}, {"postal_code": "7630073", "postal_hyphen": "763-0073", "pref": "香川県", "city": "丸亀市", "town": "柞原町", "full": "香川県丸亀市柞原町"}, {"postal_code": "7630029", "postal_hyphen": "763-0029", "pref": "香川県", "city": "丸亀市", "town": "九番丁", "full": "香川県丸亀市九番丁"}, {"postal_code": "7630093", "postal_hyphen": "763-0093", "pref": "香川県", "city": "丸亀市", "town": "郡家町", "full": "香川県丸亀市郡家町"}, {"postal_code": "7630014", "postal_hyphen": "763-0014", "pref": "香川県", "city": "丸亀市", "town": "御供所町", "full": "香川県丸亀市御供所町"}, {"postal_code": "7630004", "postal_hyphen": "763-0004", "pref": "香川県", "city": "丸亀市", "town": "米屋町", "full": "香川県丸亀市米屋町"}, {"postal_code": "7630048", "postal_hyphen": "763-0048", "pref": "香川県", "city": "丸亀市", "town": "幸町", "full": "香川県丸亀市幸町"}, {"postal_code": "7630094", "postal_hyphen": "763-0094", "pref": "香川県", "city": "丸亀市", "town": "三条町", "full": "香川県丸亀市三条町"}, {"postal_code": "7630065", "postal_hyphen": "763-0065", "pref": "香川県", "city": "丸亀市", "town": "塩屋町", "full": "香川県丸亀市塩屋町"}, {"postal_code": "7630027", "postal_hyphen": "763-0027", "pref": "香川県", "city": "丸亀市", "town": "七番丁", "full": "香川県丸亀市七番丁"}, {"postal_code": "7630030", "postal_hyphen": "763-0030", "pref": "香川県", "city": "丸亀市", "town": "十番丁", "full": "香川県丸亀市十番丁"}, {"postal_code": "7630013", "postal_hyphen": "763-0013", "pref": "香川県", "city": "丸亀市", "town": "城東町", "full": "香川県丸亀市城東町"}, {"postal_code": "7630031", "postal_hyphen": "763-0031", "pref": "香川県", "city": "丸亀市", "town": "城南町", "full": "香川県丸亀市城南町"}, {"postal_code": "7630032", "postal_hyphen": "763-0032", "pref": "香川県", "city": "丸亀市", "town": "城西町", "full": "香川県丸亀市城西町"}, {"postal_code": "7630061", "postal_hyphen": "763-0061", "pref": "香川県", "city": "丸亀市", "town": "昭和町", "full": "香川県丸亀市昭和町"}, {"postal_code": "7630024", "postal_hyphen": "763-0024", "pref": "香川県", "city": "丸亀市", "town": "塩飽町", "full": "香川県丸亀市塩飽町"}, {"postal_code": "7630055", "postal_hyphen": "763-0055", "pref": "香川県", "city": "丸亀市", "town": "新田町", "full": "香川県丸亀市新田町"}, {"postal_code": "7630063", "postal_hyphen": "763-0063", "pref": "香川県", "city": "丸亀市", "town": "新浜町", "full": "香川県丸亀市新浜町"}, {"postal_code": "7630045", "postal_hyphen": "763-0045", "pref": "香川県", "city": "丸亀市", "town": "新町", "full": "香川県丸亀市新町"}, {"postal_code": "7630007", "postal_hyphen": "763-0007", "pref": "香川県", "city": "丸亀市", "town": "宗古町", "full": "香川県丸亀市宗古町"}, {"postal_code": "7630071", "postal_hyphen": "763-0071", "pref": "香川県", "city": "丸亀市", "town": "田村町", "full": "香川県丸亀市田村町"}, {"postal_code": "7630095", "postal_hyphen": "763-0095", "pref": "香川県", "city": "丸亀市", "town": "垂水町", "full": "香川県丸亀市垂水町"}, {"postal_code": "7630052", "postal_hyphen": "763-0052", "pref": "香川県", "city": "丸亀市", "town": "津森町", "full": "香川県丸亀市津森町"}, {"postal_code": "7630111", "postal_hyphen": "763-0111", "pref": "香川県", "city": "丸亀市", "town": "手島町", "full": "香川県丸亀市手島町"}, {"postal_code": "7630066", "postal_hyphen": "763-0066", "pref": "香川県", "city": "丸亀市", "town": "天満町", "full": "香川県丸亀市天満町"}, {"postal_code": "7630043", "postal_hyphen": "763-0043", "pref": "香川県", "city": "丸亀市", "town": "通町", "full": "香川県丸亀市通町"}, {"postal_code": "7630021", "postal_hyphen": "763-0021", "pref": "香川県", "city": "丸亀市", "town": "富屋町", "full": "香川県丸亀市富屋町"}, {"postal_code": "7630012", "postal_hyphen": "763-0012", "pref": "香川県", "city": "丸亀市", "town": "土居町", "full": "香川県丸亀市土居町"}, {"postal_code": "7630082", "postal_hyphen": "763-0082", "pref": "香川県", "city": "丸亀市", "town": "土器町東", "full": "香川県丸亀市土器町東"}, {"postal_code": "7630081", "postal_hyphen": "763-0081", "pref": "香川県", "city": "丸亀市", "town": "土器町西", "full": "香川県丸亀市土器町西"}, {"postal_code": "7630083", "postal_hyphen": "763-0083", "pref": "香川県", "city": "丸亀市", "town": "土器町北", "full": "香川県丸亀市土器町北"}, {"postal_code": "7630054", "postal_hyphen": "763-0054", "pref": "香川県", "city": "丸亀市", "town": "中津町", "full": "香川県丸亀市中津町"}, {"postal_code": "7630033", "postal_hyphen": "763-0033", "pref": "香川県", "city": "丸亀市", "town": "中府町", "full": "香川県丸亀市中府町"}, {"postal_code": "7630046", "postal_hyphen": "763-0046", "pref": "香川県", "city": "丸亀市", "town": "南条町", "full": "香川県丸亀市南条町"}, {"postal_code": "7630041", "postal_hyphen": "763-0041", "pref": "香川県", "city": "丸亀市", "town": "西平山町", "full": "香川県丸亀市西平山町"}, {"postal_code": "7630047", "postal_hyphen": "763-0047", "pref": "香川県", "city": "丸亀市", "town": "西本町", "full": "香川県丸亀市西本町"}, {"postal_code": "7630028", "postal_hyphen": "763-0028", "pref": "香川県", "city": "丸亀市", "town": "八番丁", "full": "香川県丸亀市八番丁"}, {"postal_code": "7630022", "postal_hyphen": "763-0022", "pref": "香川県", "city": "丸亀市", "town": "浜町", "full": "香川県丸亀市浜町"}, {"postal_code": "7630075", "postal_hyphen": "763-0075", "pref": "香川県", "city": "丸亀市", "town": "原田団地", "full": "香川県丸亀市原田団地"}, {"postal_code": "7630074", "postal_hyphen": "763-0074", "pref": "香川県", "city": "丸亀市", "town": "原田町", "full": "香川県丸亀市原田町"}, {"postal_code": "7620084", "postal_hyphen": "762-0084", "pref": "香川県", "city": "丸亀市", "town": "飯山町上法軍寺", "full": "香川県丸亀市飯山町上法軍寺"}, {"postal_code": "7620082", "postal_hyphen": "762-0082", "pref": "香川県", "city": "丸亀市", "town": "飯山町川原", "full": "香川県丸亀市飯山町川原"}, {"postal_code": "7620086", "postal_hyphen": "762-0086", "pref": "香川県", "city": "丸亀市", "town": "飯山町真時", "full": "香川県丸亀市飯山町真時"}, {"postal_code": "7620083", "postal_hyphen": "762-0083", "pref": "香川県", "city": "丸亀市", "town": "飯山町下法軍寺", "full": "香川県丸亀市飯山町下法軍寺"}, {"postal_code": "7620087", "postal_hyphen": "762-0087", "pref": "香川県", "city": "丸亀市", "town": "飯山町西坂元", "full": "香川県丸亀市飯山町西坂元"}, {"postal_code": "7620085", "postal_hyphen": "762-0085", "pref": "香川県", "city": "丸亀市", "town": "飯山町東小川", "full": "香川県丸亀市飯山町東小川"}, {"postal_code": "7620081", "postal_hyphen": "762-0081", "pref": "香川県", "city": "丸亀市", "town": "飯山町東坂元", "full": "香川県丸亀市飯山町東坂元"}, {"postal_code": "7630105", "postal_hyphen": "763-0105", "pref": "香川県", "city": "丸亀市", "town": "広島町青木", "full": "香川県丸亀市広島町青木"}, {"postal_code": "7630106", "postal_hyphen": "763-0106", "pref": "香川県", "city": "丸亀市", "town": "広島町市井", "full": "香川県丸亀市広島町市井"}, {"postal_code": "7630102", "postal_hyphen": "763-0102", "pref": "香川県", "city": "丸亀市", "town": "広島町江の浦", "full": "香川県丸亀市広島町江の浦"}, {"postal_code": "7630108", "postal_hyphen": "763-0108", "pref": "香川県", "city": "丸亀市", "town": "広島町小手島", "full": "香川県丸亀市広島町小手島"}, {"postal_code": "7630103", "postal_hyphen": "763-0103", "pref": "香川県", "city": "丸亀市", "town": "広島町釜の越", "full": "香川県丸亀市広島町釜の越"}, {"postal_code": "7630104", "postal_hyphen": "763-0104", "pref": "香川県", "city": "丸亀市", "town": "広島町甲路", "full": "香川県丸亀市広島町甲路"}, {"postal_code": "7630101", "postal_hyphen": "763-0101", "pref": "香川県", "city": "丸亀市", "town": "広島町立石", "full": "香川県丸亀市広島町立石"}, {"postal_code": "7630107", "postal_hyphen": "763-0107", "pref": "香川県", "city": "丸亀市", "town": "広島町茂浦", "full": "香川県丸亀市広島町茂浦"}, {"postal_code": "7630044", "postal_hyphen": "763-0044", "pref": "香川県", "city": "丸亀市", "town": "福島町", "full": "香川県丸亀市福島町"}, {"postal_code": "7630011", "postal_hyphen": "763-0011", "pref": "香川県", "city": "丸亀市", "town": "富士見町", "full": "香川県丸亀市富士見町"}, {"postal_code": "7630001", "postal_hyphen": "763-0001", "pref": "香川県", "city": "丸亀市", "town": "風袋町", "full": "香川県丸亀市風袋町"}, {"postal_code": "7630062", "postal_hyphen": "763-0062", "pref": "香川県", "city": "丸亀市", "town": "蓬莱町", "full": "香川県丸亀市蓬莱町"}, {"postal_code": "7630225", "postal_hyphen": "763-0225", "pref": "香川県", "city": "丸亀市", "town": "本島町生ノ浜", "full": "香川県丸亀市本島町生ノ浜"}, {"postal_code": "7630228", "postal_hyphen": "763-0228", "pref": "香川県", "city": "丸亀市", "town": "本島町大浦", "full": "香川県丸亀市本島町大浦"}, {"postal_code": "7630221", "postal_hyphen": "763-0221", "pref": "香川県", "city": "丸亀市", "town": "本島町笠島", "full": "香川県丸亀市本島町笠島"}, {"postal_code": "7630222", "postal_hyphen": "763-0222", "pref": "香川県", "city": "丸亀市", "town": "本島町甲生", "full": "香川県丸亀市本島町甲生"}, {"postal_code": "7630224", "postal_hyphen": "763-0224", "pref": "香川県", "city": "丸亀市", "town": "本島町小阪", "full": "香川県丸亀市本島町小阪"}, {"postal_code": "7630226", "postal_hyphen": "763-0226", "pref": "香川県", "city": "丸亀市", "town": "本島町尻浜", "full": "香川県丸亀市本島町尻浜"}, {"postal_code": "7630223", "postal_hyphen": "763-0223", "pref": "香川県", "city": "丸亀市", "town": "本島町泊", "full": "香川県丸亀市本島町泊"}, {"postal_code": "7630227", "postal_hyphen": "763-0227", "pref": "香川県", "city": "丸亀市", "town": "本島町福田", "full": "香川県丸亀市本島町福田"}, {"postal_code": "7630023", "postal_hyphen": "763-0023", "pref": "香川県", "city": "丸亀市", "town": "本町", "full": "香川県丸亀市本町"}, {"postal_code": "7630064", "postal_hyphen": "763-0064", "pref": "香川県", "city": "丸亀市", "town": "前塩屋町", "full": "香川県丸亀市前塩屋町"}, {"postal_code": "7630005", "postal_hyphen": "763-0005", "pref": "香川県", "city": "丸亀市", "town": "松屋町", "full": "香川県丸亀市松屋町"}, {"postal_code": "7630042", "postal_hyphen": "763-0042", "pref": "香川県", "city": "丸亀市", "town": "港町", "full": "香川県丸亀市港町"}, {"postal_code": "7630072", "postal_hyphen": "763-0072", "pref": "香川県", "city": "丸亀市", "town": "山北町", "full": "香川県丸亀市山北町"}, {"postal_code": "7630026", "postal_hyphen": "763-0026", "pref": "香川県", "city": "丸亀市", "town": "六番丁", "full": "香川県丸亀市六番丁"}, {"postal_code": "7620000", "postal_hyphen": "762-0000", "pref": "香川県", "city": "坂出市", "town": "", "full": "香川県坂出市"}, {"postal_code": "7620037", "postal_hyphen": "762-0037", "pref": "香川県", "city": "坂出市", "town": "青葉町", "full": "香川県坂出市青葉町"}, {"postal_code": "7620006", "postal_hyphen": "762-0006", "pref": "香川県", "city": "坂出市", "town": "旭町", "full": "香川県坂出市旭町"}, {"postal_code": "7620035", "postal_hyphen": "762-0035", "pref": "香川県", "city": "坂出市", "town": "池園町", "full": "香川県坂出市池園町"}, {"postal_code": "7620002", "postal_hyphen": "762-0002", "pref": "香川県", "city": "坂出市", "town": "入船町", "full": "香川県坂出市入船町"}, {"postal_code": "7620072", "postal_hyphen": "762-0072", "pref": "香川県", "city": "坂出市", "town": "岩黒", "full": "香川県坂出市岩黒"}, {"postal_code": "7620011", "postal_hyphen": "762-0011", "pref": "香川県", "city": "坂出市", "town": "江尻町", "full": "香川県坂出市江尻町"}, {"postal_code": "7620014", "postal_hyphen": "762-0014", "pref": "香川県", "city": "坂出市", "town": "王越町木沢", "full": "香川県坂出市王越町木沢"}, {"postal_code": "7620013", "postal_hyphen": "762-0013", "pref": "香川県", "city": "坂出市", "town": "王越町乃生", "full": "香川県坂出市王越町乃生"}, {"postal_code": "7620016", "postal_hyphen": "762-0016", "pref": "香川県", "city": "坂出市", "town": "青海町", "full": "香川県坂出市青海町"}, {"postal_code": "7620027", "postal_hyphen": "762-0027", "pref": "香川県", "city": "坂出市", "town": "大池町", "full": "香川県坂出市大池町"}, {"postal_code": "7620015", "postal_hyphen": "762-0015", "pref": "香川県", "city": "坂出市", "town": "大屋冨町", "full": "香川県坂出市大屋冨町"}, {"postal_code": "7620052", "postal_hyphen": "762-0052", "pref": "香川県", "city": "坂出市", "town": "沖の浜", "full": "香川県坂出市沖の浜"}, {"postal_code": "7620038", "postal_hyphen": "762-0038", "pref": "香川県", "city": "坂出市", "town": "笠指町", "full": "香川県坂出市笠指町"}, {"postal_code": "7620022", "postal_hyphen": "762-0022", "pref": "香川県", "city": "坂出市", "town": "加茂町甲（氏部）", "full": "香川県坂出市加茂町甲（氏部）"}, {"postal_code": "7620023", "postal_hyphen": "762-0023", "pref": "香川県", "city": "坂出市", "town": "加茂町（その他）", "full": "香川県坂出市加茂町（その他）"}, {"postal_code": "7620062", "postal_hyphen": "762-0062", "pref": "香川県", "city": "坂出市", "town": "川崎町", "full": "香川県坂出市川崎町"}, {"postal_code": "7620025", "postal_hyphen": "762-0025", "pref": "香川県", "city": "坂出市", "town": "川津町", "full": "香川県坂出市川津町"}, {"postal_code": "7620018", "postal_hyphen": "762-0018", "pref": "香川県", "city": "坂出市", "town": "神谷町", "full": "香川県坂出市神谷町"}, {"postal_code": "7620001", "postal_hyphen": "762-0001", "pref": "香川県", "city": "坂出市", "town": "京町", "full": "香川県坂出市京町"}, {"postal_code": "7620003", "postal_hyphen": "762-0003", "pref": "香川県", "city": "坂出市", "town": "久米町", "full": "香川県坂出市久米町"}, {"postal_code": "7620043", "postal_hyphen": "762-0043", "pref": "香川県", "city": "坂出市", "town": "寿町", "full": "香川県坂出市寿町"}, {"postal_code": "7620051", "postal_hyphen": "762-0051", "pref": "香川県", "city": "坂出市", "town": "御供所町", "full": "香川県坂出市御供所町"}, {"postal_code": "7620032", "postal_hyphen": "762-0032", "pref": "香川県", "city": "坂出市", "town": "駒止町", "full": "香川県坂出市駒止町"}, {"postal_code": "7620026", "postal_hyphen": "762-0026", "pref": "香川県", "city": "坂出市", "town": "小山町", "full": "香川県坂出市小山町"}, {"postal_code": "7620061", "postal_hyphen": "762-0061", "pref": "香川県", "city": "坂出市", "town": "坂出町", "full": "香川県坂出市坂出町"}, {"postal_code": "7620066", "postal_hyphen": "762-0066", "pref": "香川県", "city": "坂出市", "town": "沙弥島", "full": "香川県坂出市沙弥島"}, {"postal_code": "7620004", "postal_hyphen": "762-0004", "pref": "香川県", "city": "坂出市", "town": "昭和町", "full": "香川県坂出市昭和町"}, {"postal_code": "7620042", "postal_hyphen": "762-0042", "pref": "香川県", "city": "坂出市", "town": "白金町", "full": "香川県坂出市白金町"}, {"postal_code": "7620047", "postal_hyphen": "762-0047", "pref": "香川県", "city": "坂出市", "town": "新浜町", "full": "香川県坂出市新浜町"}, {"postal_code": "7620067", "postal_hyphen": "762-0067", "pref": "香川県", "city": "坂出市", "town": "瀬居町", "full": "香川県坂出市瀬居町"}, {"postal_code": "7620017", "postal_hyphen": "762-0017", "pref": "香川県", "city": "坂出市", "town": "高屋町", "full": "香川県坂出市高屋町"}, {"postal_code": "7620033", "postal_hyphen": "762-0033", "pref": "香川県", "city": "坂出市", "town": "谷町", "full": "香川県坂出市谷町"}, {"postal_code": "7620055", "postal_hyphen": "762-0055", "pref": "香川県", "city": "坂出市", "town": "築港町", "full": "香川県坂出市築港町"}, {"postal_code": "7620056", "postal_hyphen": "762-0056", "pref": "香川県", "city": "坂出市", "town": "中央町", "full": "香川県坂出市中央町"}, {"postal_code": "7620058", "postal_hyphen": "762-0058", "pref": "香川県", "city": "坂出市", "town": "常盤町", "full": "香川県坂出市常盤町"}, {"postal_code": "7620054", "postal_hyphen": "762-0054", "pref": "香川県", "city": "坂出市", "town": "西大浜南", "full": "香川県坂出市西大浜南"}, {"postal_code": "7620053", "postal_hyphen": "762-0053", "pref": "香川県", "city": "坂出市", "town": "西大浜北", "full": "香川県坂出市西大浜北"}, {"postal_code": "7620021", "postal_hyphen": "762-0021", "pref": "香川県", "city": "坂出市", "town": "西庄町", "full": "香川県坂出市西庄町"}, {"postal_code": "7620041", "postal_hyphen": "762-0041", "pref": "香川県", "city": "坂出市", "town": "八幡町", "full": "香川県坂出市八幡町"}, {"postal_code": "7620036", "postal_hyphen": "762-0036", "pref": "香川県", "city": "坂出市", "town": "花町", "full": "香川県坂出市花町"}, {"postal_code": "7620012", "postal_hyphen": "762-0012", "pref": "香川県", "city": "坂出市", "town": "林田町", "full": "香川県坂出市林田町"}, {"postal_code": "7620063", "postal_hyphen": "762-0063", "pref": "香川県", "city": "坂出市", "town": "番の州公園", "full": "香川県坂出市番の州公園"}, {"postal_code": "7620064", "postal_hyphen": "762-0064", "pref": "香川県", "city": "坂出市", "town": "番の州町", "full": "香川県坂出市番の州町"}, {"postal_code": "7620065", "postal_hyphen": "762-0065", "pref": "香川県", "city": "坂出市", "town": "番の州緑町", "full": "香川県坂出市番の州緑町"}, {"postal_code": "7620073", "postal_hyphen": "762-0073", "pref": "香川県", "city": "坂出市", "town": "櫃石", "full": "香川県坂出市櫃石"}, {"postal_code": "7620034", "postal_hyphen": "762-0034", "pref": "香川県", "city": "坂出市", "town": "福江町", "full": "香川県坂出市福江町"}, {"postal_code": "7620046", "postal_hyphen": "762-0046", "pref": "香川県", "city": "坂出市", "town": "富士見町", "full": "香川県坂出市富士見町"}, {"postal_code": "7620024", "postal_hyphen": "762-0024", "pref": "香川県", "city": "坂出市", "town": "府中町", "full": "香川県坂出市府中町"}, {"postal_code": "7620031", "postal_hyphen": "762-0031", "pref": "香川県", "city": "坂出市", "town": "文京町", "full": "香川県坂出市文京町"}, {"postal_code": "7620044", "postal_hyphen": "762-0044", "pref": "香川県", "city": "坂出市", "town": "本町", "full": "香川県坂出市本町"}, {"postal_code": "7620057", "postal_hyphen": "762-0057", "pref": "香川県", "city": "坂出市", "town": "宮下町", "full": "香川県坂出市宮下町"}, {"postal_code": "7620007", "postal_hyphen": "762-0007", "pref": "香川県", "city": "坂出市", "town": "室町", "full": "香川県坂出市室町"}, {"postal_code": "7620045", "postal_hyphen": "762-0045", "pref": "香川県", "city": "坂出市", "town": "元町", "full": "香川県坂出市元町"}, {"postal_code": "7620005", "postal_hyphen": "762-0005", "pref": "香川県", "city": "坂出市", "town": "横津町", "full": "香川県坂出市横津町"}, {"postal_code": "7620071", "postal_hyphen": "762-0071", "pref": "香川県", "city": "坂出市", "town": "与島町", "full": "香川県坂出市与島町"}, {"postal_code": "7650000", "postal_hyphen": "765-0000", "pref": "香川県", "city": "善通寺市", "town": "", "full": "香川県善通寺市"}, {"postal_code": "7650053", "postal_hyphen": "765-0053", "pref": "香川県", "city": "善通寺市", "town": "生野町", "full": "香川県善通寺市生野町"}, {"postal_code": "7650014", "postal_hyphen": "765-0014", "pref": "香川県", "city": "善通寺市", "town": "生野本町", "full": "香川県善通寺市生野本町"}, {"postal_code": "7650022", "postal_hyphen": "765-0022", "pref": "香川県", "city": "善通寺市", "town": "稲木町", "full": "香川県善通寺市稲木町"}, {"postal_code": "7650052", "postal_hyphen": "765-0052", "pref": "香川県", "city": "善通寺市", "town": "大麻町", "full": "香川県善通寺市大麻町"}, {"postal_code": "7650011", "postal_hyphen": "765-0011", "pref": "香川県", "city": "善通寺市", "town": "上吉田町（丁目）", "full": "香川県善通寺市上吉田町（丁目）"}, {"postal_code": "7650012", "postal_hyphen": "765-0012", "pref": "香川県", "city": "善通寺市", "town": "上吉田町（その他）", "full": "香川県善通寺市上吉田町（その他）"}, {"postal_code": "7650033", "postal_hyphen": "765-0033", "pref": "香川県", "city": "善通寺市", "town": "木徳町", "full": "香川県善通寺市木徳町"}, {"postal_code": "7650051", "postal_hyphen": "765-0051", "pref": "香川県", "city": "善通寺市", "town": "櫛梨町", "full": "香川県善通寺市櫛梨町"}, {"postal_code": "7650031", "postal_hyphen": "765-0031", "pref": "香川県", "city": "善通寺市", "town": "金蔵寺町", "full": "香川県善通寺市金蔵寺町"}, {"postal_code": "7650021", "postal_hyphen": "765-0021", "pref": "香川県", "city": "善通寺市", "town": "下吉田町", "full": "香川県善通寺市下吉田町"}, {"postal_code": "7650003", "postal_hyphen": "765-0003", "pref": "香川県", "city": "善通寺市", "town": "善通寺町（丁目）", "full": "香川県善通寺市善通寺町（丁目）"}, {"postal_code": "7650004", "postal_hyphen": "765-0004", "pref": "香川県", "city": "善通寺市", "town": "善通寺町（その他）", "full": "香川県善通寺市善通寺町（その他）"}, {"postal_code": "7650001", "postal_hyphen": "765-0001", "pref": "香川県", "city": "善通寺市", "town": "仙遊町", "full": "香川県善通寺市仙遊町"}, {"postal_code": "7650072", "postal_hyphen": "765-0072", "pref": "香川県", "city": "善通寺市", "town": "中村町（丁目）", "full": "香川県善通寺市中村町（丁目）"}, {"postal_code": "7650073", "postal_hyphen": "765-0073", "pref": "香川県", "city": "善通寺市", "town": "中村町（その他）", "full": "香川県善通寺市中村町（その他）"}, {"postal_code": "7650032", "postal_hyphen": "765-0032", "pref": "香川県", "city": "善通寺市", "town": "原田町", "full": "香川県善通寺市原田町"}, {"postal_code": "7650062", "postal_hyphen": "765-0062", "pref": "香川県", "city": "善通寺市", "town": "碑殿町", "full": "香川県善通寺市碑殿町"}, {"postal_code": "7650071", "postal_hyphen": "765-0071", "pref": "香川県", "city": "善通寺市", "town": "弘田町", "full": "香川県善通寺市弘田町"}, {"postal_code": "7650013", "postal_hyphen": "765-0013", "pref": "香川県", "city": "善通寺市", "town": "文京町", "full": "香川県善通寺市文京町"}, {"postal_code": "7650002", "postal_hyphen": "765-0002", "pref": "香川県", "city": "善通寺市", "town": "南町", "full": "香川県善通寺市南町"}, {"postal_code": "7650040", "postal_hyphen": "765-0040", "pref": "香川県", "city": "善通寺市", "town": "与北町", "full": "香川県善通寺市与北町"}, {"postal_code": "7650061", "postal_hyphen": "765-0061", "pref": "香川県", "city": "善通寺市", "town": "吉原町", "full": "香川県善通寺市吉原町"}, {"postal_code": "7680000", "postal_hyphen": "768-0000", "pref": "香川県", "city": "観音寺市", "town": "", "full": "香川県観音寺市"}, {"postal_code": "7680062", "postal_hyphen": "768-0062", "pref": "香川県", "city": "観音寺市", "town": "有明町", "full": "香川県観音寺市有明町"}, {"postal_code": "7680052", "postal_hyphen": "768-0052", "pref": "香川県", "city": "観音寺市", "town": "粟井町", "full": "香川県観音寺市粟井町"}, {"postal_code": "7680031", "postal_hyphen": "768-0031", "pref": "香川県", "city": "観音寺市", "town": "池之尻町", "full": "香川県観音寺市池之尻町"}, {"postal_code": "7680071", "postal_hyphen": "768-0071", "pref": "香川県", "city": "観音寺市", "town": "伊吹町", "full": "香川県観音寺市伊吹町"}, {"postal_code": "7680012", "postal_hyphen": "768-0012", "pref": "香川県", "city": "観音寺市", "town": "植田町", "full": "香川県観音寺市植田町"}, {"postal_code": "7691617", "postal_hyphen": "769-1617", "pref": "香川県", "city": "観音寺市", "town": "大野原町青岡", "full": "香川県観音寺市大野原町青岡"}, {"postal_code": "7691624", "postal_hyphen": "769-1624", "pref": "香川県", "city": "観音寺市", "town": "大野原町有木", "full": "香川県観音寺市大野原町有木"}, {"postal_code": "7691621", "postal_hyphen": "769-1621", "pref": "香川県", "city": "観音寺市", "town": "大野原町井関", "full": "香川県観音寺市大野原町井関"}, {"postal_code": "7691622", "postal_hyphen": "769-1622", "pref": "香川県", "city": "観音寺市", "town": "大野原町内野々", "full": "香川県観音寺市大野原町内野々"}, {"postal_code": "7691625", "postal_hyphen": "769-1625", "pref": "香川県", "city": "観音寺市", "town": "大野原町海老済", "full": "香川県観音寺市大野原町海老済"}, {"postal_code": "7691611", "postal_hyphen": "769-1611", "pref": "香川県", "city": "観音寺市", "town": "大野原町大野原", "full": "香川県観音寺市大野原町大野原"}, {"postal_code": "7691623", "postal_hyphen": "769-1623", "pref": "香川県", "city": "観音寺市", "town": "大野原町田野々", "full": "香川県観音寺市大野原町田野々"}, {"postal_code": "7691612", "postal_hyphen": "769-1612", "pref": "香川県", "city": "観音寺市", "town": "大野原町中姫", "full": "香川県観音寺市大野原町中姫"}, {"postal_code": "7691614", "postal_hyphen": "769-1614", "pref": "香川県", "city": "観音寺市", "town": "大野原町萩原", "full": "香川県観音寺市大野原町萩原"}, {"postal_code": "7691613", "postal_hyphen": "769-1613", "pref": "香川県", "city": "観音寺市", "town": "大野原町花稲", "full": "香川県観音寺市大野原町花稲"}, {"postal_code": "7691616", "postal_hyphen": "769-1616", "pref": "香川県", "city": "観音寺市", "town": "大野原町福田原", "full": "香川県観音寺市大野原町福田原"}, {"postal_code": "7691615", "postal_hyphen": "769-1615", "pref": "香川県", "city": "観音寺市", "town": "大野原町丸井", "full": "香川県観音寺市大野原町丸井"}, {"postal_code": "7680060", "postal_hyphen": "768-0060", "pref": "香川県", "city": "観音寺市", "town": "観音寺町", "full": "香川県観音寺市観音寺町"}, {"postal_code": "7680051", "postal_hyphen": "768-0051", "pref": "香川県", "city": "観音寺市", "town": "木之郷町", "full": "香川県観音寺市木之郷町"}, {"postal_code": "7680040", "postal_hyphen": "768-0040", "pref": "香川県", "city": "観音寺市", "town": "柞田町", "full": "香川県観音寺市柞田町"}, {"postal_code": "7680064", "postal_hyphen": "768-0064", "pref": "香川県", "city": "観音寺市", "town": "琴浪町", "full": "香川県観音寺市琴浪町"}, {"postal_code": "7680074", "postal_hyphen": "768-0074", "pref": "香川県", "city": "観音寺市", "town": "幸町", "full": "香川県観音寺市幸町"}, {"postal_code": "7680072", "postal_hyphen": "768-0072", "pref": "香川県", "city": "観音寺市", "town": "栄町", "full": "香川県観音寺市栄町"}, {"postal_code": "7680067", "postal_hyphen": "768-0067", "pref": "香川県", "city": "観音寺市", "town": "坂本町", "full": "香川県観音寺市坂本町"}, {"postal_code": "7680063", "postal_hyphen": "768-0063", "pref": "香川県", "city": "観音寺市", "town": "三本松町", "full": "香川県観音寺市三本松町"}, {"postal_code": "7680069", "postal_hyphen": "768-0069", "pref": "香川県", "city": "観音寺市", "town": "茂木町", "full": "香川県観音寺市茂木町"}, {"postal_code": "7680073", "postal_hyphen": "768-0073", "pref": "香川県", "city": "観音寺市", "town": "茂西町", "full": "香川県観音寺市茂西町"}, {"postal_code": "7680011", "postal_hyphen": "768-0011", "pref": "香川県", "city": "観音寺市", "town": "出作町", "full": "香川県観音寺市出作町"}, {"postal_code": "7680066", "postal_hyphen": "768-0066", "pref": "香川県", "city": "観音寺市", "town": "昭和町", "full": "香川県観音寺市昭和町"}, {"postal_code": "7680033", "postal_hyphen": "768-0033", "pref": "香川県", "city": "観音寺市", "town": "新田町", "full": "香川県観音寺市新田町"}, {"postal_code": "7680065", "postal_hyphen": "768-0065", "pref": "香川県", "city": "観音寺市", "town": "瀬戸町", "full": "香川県観音寺市瀬戸町"}, {"postal_code": "7680002", "postal_hyphen": "768-0002", "pref": "香川県", "city": "観音寺市", "town": "高屋町", "full": "香川県観音寺市高屋町"}, {"postal_code": "7680068", "postal_hyphen": "768-0068", "pref": "香川県", "city": "観音寺市", "town": "天神町", "full": "香川県観音寺市天神町"}, {"postal_code": "7691601", "postal_hyphen": "769-1601", "pref": "香川県", "city": "観音寺市", "town": "豊浜町姫浜", "full": "香川県観音寺市豊浜町姫浜"}, {"postal_code": "7691604", "postal_hyphen": "769-1604", "pref": "香川県", "city": "観音寺市", "town": "豊浜町箕浦", "full": "香川県観音寺市豊浜町箕浦"}, {"postal_code": "7691603", "postal_hyphen": "769-1603", "pref": "香川県", "city": "観音寺市", "town": "豊浜町和田", "full": "香川県観音寺市豊浜町和田"}, {"postal_code": "7691602", "postal_hyphen": "769-1602", "pref": "香川県", "city": "観音寺市", "town": "豊浜町和田浜", "full": "香川県観音寺市豊浜町和田浜"}, {"postal_code": "7680024", "postal_hyphen": "768-0024", "pref": "香川県", "city": "観音寺市", "town": "中田井町", "full": "香川県観音寺市中田井町"}, {"postal_code": "7680014", "postal_hyphen": "768-0014", "pref": "香川県", "city": "観音寺市", "town": "流岡町", "full": "香川県観音寺市流岡町"}, {"postal_code": "7680077", "postal_hyphen": "768-0077", "pref": "香川県", "city": "観音寺市", "town": "凪瀬町", "full": "香川県観音寺市凪瀬町"}, {"postal_code": "7680075", "postal_hyphen": "768-0075", "pref": "香川県", "city": "観音寺市", "town": "西本町", "full": "香川県観音寺市西本町"}, {"postal_code": "7680032", "postal_hyphen": "768-0032", "pref": "香川県", "city": "観音寺市", "town": "原町", "full": "香川県観音寺市原町"}, {"postal_code": "7680023", "postal_hyphen": "768-0023", "pref": "香川県", "city": "観音寺市", "town": "古川町", "full": "香川県観音寺市古川町"}, {"postal_code": "7680076", "postal_hyphen": "768-0076", "pref": "香川県", "city": "観音寺市", "town": "港町", "full": "香川県観音寺市港町"}, {"postal_code": "7680070", "postal_hyphen": "768-0070", "pref": "香川県", "city": "観音寺市", "town": "南町", "full": "香川県観音寺市南町"}, {"postal_code": "7680013", "postal_hyphen": "768-0013", "pref": "香川県", "city": "観音寺市", "town": "村黒町", "full": "香川県観音寺市村黒町"}, {"postal_code": "7680001", "postal_hyphen": "768-0001", "pref": "香川県", "city": "観音寺市", "town": "室本町", "full": "香川県観音寺市室本町"}, {"postal_code": "7680022", "postal_hyphen": "768-0022", "pref": "香川県", "city": "観音寺市", "town": "本大町", "full": "香川県観音寺市本大町"}, {"postal_code": "7680061", "postal_hyphen": "768-0061", "pref": "香川県", "city": "観音寺市", "town": "八幡町", "full": "香川県観音寺市八幡町"}, {"postal_code": "7680021", "postal_hyphen": "768-0021", "pref": "香川県", "city": "観音寺市", "town": "吉岡町", "full": "香川県観音寺市吉岡町"}, {"postal_code": "7692300", "postal_hyphen": "769-2300", "pref": "香川県", "city": "さぬき市", "town": "", "full": "香川県さぬき市"}, {"postal_code": "7610904", "postal_hyphen": "761-0904", "pref": "香川県", "city": "さぬき市", "town": "大川町田面", "full": "香川県さぬき市大川町田面"}, {"postal_code": "7610902", "postal_hyphen": "761-0902", "pref": "香川県", "city": "さぬき市", "town": "大川町富田中", "full": "香川県さぬき市大川町富田中"}, {"postal_code": "7610901", "postal_hyphen": "761-0901", "pref": "香川県", "city": "さぬき市", "town": "大川町富田西", "full": "香川県さぬき市大川町富田西"}, {"postal_code": "7610903", "postal_hyphen": "761-0903", "pref": "香川県", "city": "さぬき市", "town": "大川町富田東", "full": "香川県さぬき市大川町富田東"}, {"postal_code": "7610905", "postal_hyphen": "761-0905", "pref": "香川県", "city": "さぬき市", "town": "大川町南川", "full": "香川県さぬき市大川町南川"}, {"postal_code": "7692103", "postal_hyphen": "769-2103", "pref": "香川県", "city": "さぬき市", "town": "小田", "full": "香川県さぬき市小田"}, {"postal_code": "7692104", "postal_hyphen": "769-2104", "pref": "香川県", "city": "さぬき市", "town": "鴨部", "full": "香川県さぬき市鴨部"}, {"postal_code": "7692102", "postal_hyphen": "769-2102", "pref": "香川県", "city": "さぬき市", "town": "鴨庄", "full": "香川県さぬき市鴨庄"}, {"postal_code": "7692322", "postal_hyphen": "769-2322", "pref": "香川県", "city": "さぬき市", "town": "寒川町石田西", "full": "香川県さぬき市寒川町石田西"}, {"postal_code": "7692321", "postal_hyphen": "769-2321", "pref": "香川県", "city": "さぬき市", "town": "寒川町石田東", "full": "香川県さぬき市寒川町石田東"}, {"postal_code": "7692323", "postal_hyphen": "769-2323", "pref": "香川県", "city": "さぬき市", "town": "寒川町神前", "full": "香川県さぬき市寒川町神前"}, {"postal_code": "7692101", "postal_hyphen": "769-2101", "pref": "香川県", "city": "さぬき市", "town": "志度", "full": "香川県さぬき市志度"}, {"postal_code": "7692304", "postal_hyphen": "769-2304", "pref": "香川県", "city": "さぬき市", "town": "昭和", "full": "香川県さぬき市昭和"}, {"postal_code": "7692105", "postal_hyphen": "769-2105", "pref": "香川県", "city": "さぬき市", "town": "末", "full": "香川県さぬき市末"}, {"postal_code": "7692315", "postal_hyphen": "769-2315", "pref": "香川県", "city": "さぬき市", "town": "造田（オレンジタウン）", "full": "香川県さぬき市造田（オレンジタウン）"}, {"postal_code": "7692314", "postal_hyphen": "769-2314", "pref": "香川県", "city": "さぬき市", "town": "造田乙井", "full": "香川県さぬき市造田乙井"}, {"postal_code": "7692312", "postal_hyphen": "769-2312", "pref": "香川県", "city": "さぬき市", "town": "造田是弘", "full": "香川県さぬき市造田是弘"}, {"postal_code": "7692313", "postal_hyphen": "769-2313", "pref": "香川県", "city": "さぬき市", "town": "造田野間田", "full": "香川県さぬき市造田野間田"}, {"postal_code": "7692311", "postal_hyphen": "769-2311", "pref": "香川県", "city": "さぬき市", "town": "造田宮西", "full": "香川県さぬき市造田宮西"}, {"postal_code": "7692306", "postal_hyphen": "769-2306", "pref": "香川県", "city": "さぬき市", "town": "多和", "full": "香川県さぬき市多和"}, {"postal_code": "7692401", "postal_hyphen": "769-2401", "pref": "香川県", "city": "さぬき市", "town": "津田町津田", "full": "香川県さぬき市津田町津田"}, {"postal_code": "7692402", "postal_hyphen": "769-2402", "pref": "香川県", "city": "さぬき市", "town": "津田町鶴羽", "full": "香川県さぬき市津田町鶴羽"}, {"postal_code": "7692302", "postal_hyphen": "769-2302", "pref": "香川県", "city": "さぬき市", "town": "長尾西", "full": "香川県さぬき市長尾西"}, {"postal_code": "7692301", "postal_hyphen": "769-2301", "pref": "香川県", "city": "さぬき市", "town": "長尾東", "full": "香川県さぬき市長尾東"}, {"postal_code": "7692303", "postal_hyphen": "769-2303", "pref": "香川県", "city": "さぬき市", "town": "長尾名", "full": "香川県さぬき市長尾名"}, {"postal_code": "7692305", "postal_hyphen": "769-2305", "pref": "香川県", "city": "さぬき市", "town": "前山", "full": "香川県さぬき市前山"}, {"postal_code": "7692700", "postal_hyphen": "769-2700", "pref": "香川県", "city": "東かがわ市", "town": "", "full": "香川県東かがわ市"}, {"postal_code": "7692703", "postal_hyphen": "769-2703", "pref": "香川県", "city": "東かがわ市", "town": "伊座", "full": "香川県東かがわ市伊座"}, {"postal_code": "7692520", "postal_hyphen": "769-2520", "pref": "香川県", "city": "東かがわ市", "town": "馬篠", "full": "香川県東かがわ市馬篠"}, {"postal_code": "7692902", "postal_hyphen": "769-2902", "pref": "香川県", "city": "東かがわ市", "town": "馬宿", "full": "香川県東かがわ市馬宿"}, {"postal_code": "7692908", "postal_hyphen": "769-2908", "pref": "香川県", "city": "東かがわ市", "town": "小海", "full": "香川県東かがわ市小海"}, {"postal_code": "7692513", "postal_hyphen": "769-2513", "pref": "香川県", "city": "東かがわ市", "town": "大谷", "full": "香川県東かがわ市大谷"}, {"postal_code": "7692521", "postal_hyphen": "769-2521", "pref": "香川県", "city": "東かがわ市", "town": "大内", "full": "香川県東かがわ市大内"}, {"postal_code": "7692512", "postal_hyphen": "769-2512", "pref": "香川県", "city": "東かがわ市", "town": "落合", "full": "香川県東かがわ市落合"}, {"postal_code": "7692602", "postal_hyphen": "769-2602", "pref": "香川県", "city": "東かがわ市", "town": "川東", "full": "香川県東かがわ市川東"}, {"postal_code": "7692906", "postal_hyphen": "769-2906", "pref": "香川県", "city": "東かがわ市", "town": "川股", "full": "香川県東かがわ市川股"}, {"postal_code": "7692704", "postal_hyphen": "769-2704", "pref": "香川県", "city": "東かがわ市", "town": "帰来", "full": "香川県東かがわ市帰来"}, {"postal_code": "7692905", "postal_hyphen": "769-2905", "pref": "香川県", "city": "東かがわ市", "town": "黒羽", "full": "香川県東かがわ市黒羽"}, {"postal_code": "7692511", "postal_hyphen": "769-2511", "pref": "香川県", "city": "東かがわ市", "town": "小磯", "full": "香川県東かがわ市小磯"}, {"postal_code": "7692519", "postal_hyphen": "769-2519", "pref": "香川県", "city": "東かがわ市", "town": "小砂", "full": "香川県東かがわ市小砂"}, {"postal_code": "7692715", "postal_hyphen": "769-2715", "pref": "香川県", "city": "東かがわ市", "town": "五名", "full": "香川県東かがわ市五名"}, {"postal_code": "7692904", "postal_hyphen": "769-2904", "pref": "香川県", "city": "東かがわ市", "town": "坂元", "full": "香川県東かがわ市坂元"}, {"postal_code": "7692601", "postal_hyphen": "769-2601", "pref": "香川県", "city": "東かがわ市", "town": "三本松", "full": "香川県東かがわ市三本松"}, {"postal_code": "7692705", "postal_hyphen": "769-2705", "pref": "香川県", "city": "東かがわ市", "town": "白鳥", "full": "香川県東かがわ市白鳥"}, {"postal_code": "7692516", "postal_hyphen": "769-2516", "pref": "香川県", "city": "東かがわ市", "town": "土居", "full": "香川県東かがわ市土居"}, {"postal_code": "7692605", "postal_hyphen": "769-2605", "pref": "香川県", "city": "東かがわ市", "town": "中筋", "full": "香川県東かがわ市中筋"}, {"postal_code": "7692518", "postal_hyphen": "769-2518", "pref": "香川県", "city": "東かがわ市", "town": "中山", "full": "香川県東かがわ市中山"}, {"postal_code": "7692604", "postal_hyphen": "769-2604", "pref": "香川県", "city": "東かがわ市", "town": "西村", "full": "香川県東かがわ市西村"}, {"postal_code": "7692712", "postal_hyphen": "769-2712", "pref": "香川県", "city": "東かがわ市", "town": "西山", "full": "香川県東かがわ市西山"}, {"postal_code": "7692714", "postal_hyphen": "769-2714", "pref": "香川県", "city": "東かがわ市", "town": "入野山", "full": "香川県東かがわ市入野山"}, {"postal_code": "7692711", "postal_hyphen": "769-2711", "pref": "香川県", "city": "東かがわ市", "town": "東山", "full": "香川県東かがわ市東山"}, {"postal_code": "7692901", "postal_hyphen": "769-2901", "pref": "香川県", "city": "東かがわ市", "town": "引田", "full": "香川県東かがわ市引田"}, {"postal_code": "7692515", "postal_hyphen": "769-2515", "pref": "香川県", "city": "東かがわ市", "town": "町田", "full": "香川県東かがわ市町田"}, {"postal_code": "7692514", "postal_hyphen": "769-2514", "pref": "香川県", "city": "東かがわ市", "town": "松崎", "full": "香川県東かがわ市松崎"}, {"postal_code": "7692702", "postal_hyphen": "769-2702", "pref": "香川県", "city": "東かがわ市", "town": "松原", "full": "香川県東かがわ市松原"}, {"postal_code": "7692606", "postal_hyphen": "769-2606", "pref": "香川県", "city": "東かがわ市", "town": "水主", "full": "香川県東かがわ市水主"}, {"postal_code": "7692517", "postal_hyphen": "769-2517", "pref": "香川県", "city": "東かがわ市", "town": "三殿", "full": "香川県東かがわ市三殿"}, {"postal_code": "7692701", "postal_hyphen": "769-2701", "pref": "香川県", "city": "東かがわ市", "town": "湊", "full": "香川県東かがわ市湊"}, {"postal_code": "7692903", "postal_hyphen": "769-2903", "pref": "香川県", "city": "東かがわ市", "town": "南野", "full": "香川県東かがわ市南野"}, {"postal_code": "7692603", "postal_hyphen": "769-2603", "pref": "香川県", "city": "東かがわ市", "town": "横内", "full": "香川県東かがわ市横内"}, {"postal_code": "7692907", "postal_hyphen": "769-2907", "pref": "香川県", "city": "東かがわ市", "town": "吉田", "full": "香川県東かがわ市吉田"}, {"postal_code": "7692713", "postal_hyphen": "769-2713", "pref": "香川県", "city": "東かがわ市", "town": "与田山", "full": "香川県東かがわ市与田山"}, {"postal_code": "7670000", "postal_hyphen": "767-0000", "pref": "香川県", "city": "三豊市", "town": "", "full": "香川県三豊市"}, {"postal_code": "7690401", "postal_hyphen": "769-0401", "pref": "香川県", "city": "三豊市", "town": "財田町財田上", "full": "香川県三豊市財田町財田上"}, {"postal_code": "7690402", "postal_hyphen": "769-0402", "pref": "香川県", "city": "三豊市", "town": "財田町財田中", "full": "香川県三豊市財田町財田中"}, {"postal_code": "7670014", "postal_hyphen": "767-0014", "pref": "香川県", "city": "三豊市", "town": "高瀬町上麻", "full": "香川県三豊市高瀬町上麻"}, {"postal_code": "7670012", "postal_hyphen": "767-0012", "pref": "香川県", "city": "三豊市", "town": "高瀬町上勝間", "full": "香川県三豊市高瀬町上勝間"}, {"postal_code": "7670001", "postal_hyphen": "767-0001", "pref": "香川県", "city": "三豊市", "town": "高瀬町上高瀬", "full": "香川県三豊市高瀬町上高瀬"}, {"postal_code": "7670021", "postal_hyphen": "767-0021", "pref": "香川県", "city": "三豊市", "town": "高瀬町佐股", "full": "香川県三豊市高瀬町佐股"}, {"postal_code": "7670013", "postal_hyphen": "767-0013", "pref": "香川県", "city": "三豊市", "town": "高瀬町下麻", "full": "香川県三豊市高瀬町下麻"}, {"postal_code": "7670011", "postal_hyphen": "767-0011", "pref": "香川県", "city": "三豊市", "town": "高瀬町下勝間", "full": "香川県三豊市高瀬町下勝間"}, {"postal_code": "7670002", "postal_hyphen": "767-0002", "pref": "香川県", "city": "三豊市", "town": "高瀬町新名", "full": "香川県三豊市高瀬町新名"}, {"postal_code": "7670022", "postal_hyphen": "767-0022", "pref": "香川県", "city": "三豊市", "town": "高瀬町羽方", "full": "香川県三豊市高瀬町羽方"}, {"postal_code": "7670004", "postal_hyphen": "767-0004", "pref": "香川県", "city": "三豊市", "town": "高瀬町比地", "full": "香川県三豊市高瀬町比地"}, {"postal_code": "7670003", "postal_hyphen": "767-0003", "pref": "香川県", "city": "三豊市", "town": "高瀬町比地中", "full": "香川県三豊市高瀬町比地中"}, {"postal_code": "7691108", "postal_hyphen": "769-1108", "pref": "香川県", "city": "三豊市", "town": "詫間町粟島", "full": "香川県三豊市詫間町粟島"}, {"postal_code": "7691104", "postal_hyphen": "769-1104", "pref": "香川県", "city": "三豊市", "town": "詫間町大浜", "full": "香川県三豊市詫間町大浜"}, {"postal_code": "7691103", "postal_hyphen": "769-1103", "pref": "香川県", "city": "三豊市", "town": "詫間町香田", "full": "香川県三豊市詫間町香田"}, {"postal_code": "7691109", "postal_hyphen": "769-1109", "pref": "香川県", "city": "三豊市", "town": "詫間町志々島", "full": "香川県三豊市詫間町志々島"}, {"postal_code": "7691101", "postal_hyphen": "769-1101", "pref": "香川県", "city": "三豊市", "town": "詫間町詫間", "full": "香川県三豊市詫間町詫間"}, {"postal_code": "7691105", "postal_hyphen": "769-1105", "pref": "香川県", "city": "三豊市", "town": "詫間町積", "full": "香川県三豊市詫間町積"}, {"postal_code": "7691107", "postal_hyphen": "769-1107", "pref": "香川県", "city": "三豊市", "town": "詫間町生里", "full": "香川県三豊市詫間町生里"}, {"postal_code": "7691106", "postal_hyphen": "769-1106", "pref": "香川県", "city": "三豊市", "town": "詫間町箱", "full": "香川県三豊市詫間町箱"}, {"postal_code": "7691102", "postal_hyphen": "769-1102", "pref": "香川県", "city": "三豊市", "town": "詫間町松崎", "full": "香川県三豊市詫間町松崎"}, {"postal_code": "7691507", "postal_hyphen": "769-1507", "pref": "香川県", "city": "三豊市", "town": "豊中町岡本", "full": "香川県三豊市豊中町岡本"}, {"postal_code": "7691502", "postal_hyphen": "769-1502", "pref": "香川県", "city": "三豊市", "town": "豊中町笠田笠岡", "full": "香川県三豊市豊中町笠田笠岡"}, {"postal_code": "7691503", "postal_hyphen": "769-1503", "pref": "香川県", "city": "三豊市", "town": "豊中町笠田竹田", "full": "香川県三豊市豊中町笠田竹田"}, {"postal_code": "7691504", "postal_hyphen": "769-1504", "pref": "香川県", "city": "三豊市", "town": "豊中町上高野", "full": "香川県三豊市豊中町上高野"}, {"postal_code": "7691508", "postal_hyphen": "769-1508", "pref": "香川県", "city": "三豊市", "town": "豊中町下高野", "full": "香川県三豊市豊中町下高野"}, {"postal_code": "7691501", "postal_hyphen": "769-1501", "pref": "香川県", "city": "三豊市", "town": "豊中町比地大", "full": "香川県三豊市豊中町比地大"}, {"postal_code": "7691505", "postal_hyphen": "769-1505", "pref": "香川県", "city": "三豊市", "town": "豊中町本山乙", "full": "香川県三豊市豊中町本山乙"}, {"postal_code": "7691506", "postal_hyphen": "769-1506", "pref": "香川県", "city": "三豊市", "town": "豊中町本山甲", "full": "香川県三豊市豊中町本山甲"}, {"postal_code": "7691410", "postal_hyphen": "769-1410", "pref": "香川県", "city": "三豊市", "town": "仁尾町家の浦", "full": "香川県三豊市仁尾町家の浦"}, {"postal_code": "7691404", "postal_hyphen": "769-1404", "pref": "香川県", "city": "三豊市", "town": "仁尾町仁尾乙", "full": "香川県三豊市仁尾町仁尾乙"}, {"postal_code": "7691401", "postal_hyphen": "769-1401", "pref": "香川県", "city": "三豊市", "town": "仁尾町仁尾己", "full": "香川県三豊市仁尾町仁尾己"}, {"postal_code": "7691408", "postal_hyphen": "769-1408", "pref": "香川県", "city": "三豊市", "town": "仁尾町仁尾甲", "full": "香川県三豊市仁尾町仁尾甲"}, {"postal_code": "7691405", "postal_hyphen": "769-1405", "pref": "香川県", "city": "三豊市", "town": "仁尾町仁尾庚", "full": "香川県三豊市仁尾町仁尾庚"}, {"postal_code": "7691406", "postal_hyphen": "769-1406", "pref": "香川県", "city": "三豊市", "town": "仁尾町仁尾辛", "full": "香川県三豊市仁尾町仁尾辛"}, {"postal_code": "7691407", "postal_hyphen": "769-1407", "pref": "香川県", "city": "三豊市", "town": "仁尾町仁尾丁", "full": "香川県三豊市仁尾町仁尾丁"}, {"postal_code": "7691403", "postal_hyphen": "769-1403", "pref": "香川県", "city": "三豊市", "town": "仁尾町仁尾丙", "full": "香川県三豊市仁尾町仁尾丙"}, {"postal_code": "7691402", "postal_hyphen": "769-1402", "pref": "香川県", "city": "三豊市", "town": "仁尾町仁尾戊", "full": "香川県三豊市仁尾町仁尾戊"}, {"postal_code": "7670031", "postal_hyphen": "767-0031", "pref": "香川県", "city": "三豊市", "town": "三野町大見", "full": "香川県三豊市三野町大見"}, {"postal_code": "7670032", "postal_hyphen": "767-0032", "pref": "香川県", "city": "三豊市", "town": "三野町下高瀬", "full": "香川県三豊市三野町下高瀬"}, {"postal_code": "7670033", "postal_hyphen": "767-0033", "pref": "香川県", "city": "三豊市", "town": "三野町吉津", "full": "香川県三豊市三野町吉津"}, {"postal_code": "7680102", "postal_hyphen": "768-0102", "pref": "香川県", "city": "三豊市", "town": "山本町大野", "full": "香川県三豊市山本町大野"}, {"postal_code": "7680104", "postal_hyphen": "768-0104", "pref": "香川県", "city": "三豊市", "town": "山本町神田", "full": "香川県三豊市山本町神田"}, {"postal_code": "7680105", "postal_hyphen": "768-0105", "pref": "香川県", "city": "三豊市", "town": "山本町河内", "full": "香川県三豊市山本町河内"}, {"postal_code": "7680103", "postal_hyphen": "768-0103", "pref": "香川県", "city": "三豊市", "town": "山本町財田西", "full": "香川県三豊市山本町財田西"}, {"postal_code": "7680101", "postal_hyphen": "768-0101", "pref": "香川県", "city": "三豊市", "town": "山本町辻", "full": "香川県三豊市山本町辻"}, {"postal_code": "7614100", "postal_hyphen": "761-4100", "pref": "香川県", "city": "小豆郡土庄町", "town": "", "full": "香川県小豆郡土庄町"}, {"postal_code": "7614664", "postal_hyphen": "761-4664", "pref": "香川県", "city": "小豆郡土庄町", "town": "伊喜末（小豊島）", "full": "香川県小豆郡土庄町伊喜末（小豊島）"}, {"postal_code": "7614131", "postal_hyphen": "761-4131", "pref": "香川県", "city": "小豆郡土庄町", "town": "伊喜末（その他）", "full": "香川県小豆郡土庄町伊喜末（その他）"}, {"postal_code": "7614141", "postal_hyphen": "761-4141", "pref": "香川県", "city": "小豆郡土庄町", "town": "馬越", "full": "香川県小豆郡土庄町馬越"}, {"postal_code": "7614132", "postal_hyphen": "761-4132", "pref": "香川県", "city": "小豆郡土庄町", "town": "小江", "full": "香川県小豆郡土庄町小江"}, {"postal_code": "7614145", "postal_hyphen": "761-4145", "pref": "香川県", "city": "小豆郡土庄町", "town": "大部", "full": "香川県小豆郡土庄町大部"}, {"postal_code": "7614144", "postal_hyphen": "761-4144", "pref": "香川県", "city": "小豆郡土庄町", "town": "小海", "full": "香川県小豆郡土庄町小海"}, {"postal_code": "7614154", "postal_hyphen": "761-4154", "pref": "香川県", "city": "小豆郡土庄町", "town": "笠滝", "full": "香川県小豆郡土庄町笠滝"}, {"postal_code": "7614122", "postal_hyphen": "761-4122", "pref": "香川県", "city": "小豆郡土庄町", "town": "上庄", "full": "香川県小豆郡土庄町上庄"}, {"postal_code": "7614152", "postal_hyphen": "761-4152", "pref": "香川県", "city": "小豆郡土庄町", "town": "黒岩", "full": "香川県小豆郡土庄町黒岩"}, {"postal_code": "7614153", "postal_hyphen": "761-4153", "pref": "香川県", "city": "小豆郡土庄町", "town": "小馬越", "full": "香川県小豆郡土庄町小馬越"}, {"postal_code": "7614146", "postal_hyphen": "761-4146", "pref": "香川県", "city": "小豆郡土庄町", "town": "小部", "full": "香川県小豆郡土庄町小部"}, {"postal_code": "7614134", "postal_hyphen": "761-4134", "pref": "香川県", "city": "小豆郡土庄町", "town": "滝宮", "full": "香川県小豆郡土庄町滝宮"}, {"postal_code": "7614661", "postal_hyphen": "761-4661", "pref": "香川県", "city": "小豆郡土庄町", "town": "豊島家浦", "full": "香川県小豆郡土庄町豊島家浦"}, {"postal_code": "7614662", "postal_hyphen": "761-4662", "pref": "香川県", "city": "小豆郡土庄町", "town": "豊島唐櫃", "full": "香川県小豆郡土庄町豊島唐櫃"}, {"postal_code": "7614663", "postal_hyphen": "761-4663", "pref": "香川県", "city": "小豆郡土庄町", "town": "豊島甲生", "full": "香川県小豆郡土庄町豊島甲生"}, {"postal_code": "7614133", "postal_hyphen": "761-4133", "pref": "香川県", "city": "小豆郡土庄町", "town": "長浜", "full": "香川県小豆郡土庄町長浜"}, {"postal_code": "7614151", "postal_hyphen": "761-4151", "pref": "香川県", "city": "小豆郡土庄町", "town": "肥土山", "full": "香川県小豆郡土庄町肥土山"}, {"postal_code": "7614121", "postal_hyphen": "761-4121", "pref": "香川県", "city": "小豆郡土庄町", "town": "渕崎", "full": "香川県小豆郡土庄町渕崎"}, {"postal_code": "7614143", "postal_hyphen": "761-4143", "pref": "香川県", "city": "小豆郡土庄町", "town": "見目", "full": "香川県小豆郡土庄町見目"}, {"postal_code": "7614142", "postal_hyphen": "761-4142", "pref": "香川県", "city": "小豆郡土庄町", "town": "屋形崎", "full": "香川県小豆郡土庄町屋形崎"}, {"postal_code": "7614103", "postal_hyphen": "761-4103", "pref": "香川県", "city": "小豆郡土庄町", "town": "甲、乙（大木戸）", "full": "香川県小豆郡土庄町甲、乙（大木戸）"}, {"postal_code": "7614112", "postal_hyphen": "761-4112", "pref": "香川県", "city": "小豆郡土庄町", "town": "甲、乙（鹿島）", "full": "香川県小豆郡土庄町甲、乙（鹿島）"}, {"postal_code": "7614115", "postal_hyphen": "761-4115", "pref": "香川県", "city": "小豆郡土庄町", "town": "甲、乙（小瀬）", "full": "香川県小豆郡土庄町甲、乙（小瀬）"}, {"postal_code": "7614114", "postal_hyphen": "761-4114", "pref": "香川県", "city": "小豆郡土庄町", "town": "甲、乙（千軒）", "full": "香川県小豆郡土庄町甲、乙（千軒）"}, {"postal_code": "7614105", "postal_hyphen": "761-4105", "pref": "香川県", "city": "小豆郡土庄町", "town": "甲、乙（西本町）", "full": "香川県小豆郡土庄町甲、乙（西本町）"}, {"postal_code": "7614111", "postal_hyphen": "761-4111", "pref": "香川県", "city": "小豆郡土庄町", "town": "甲、乙（東港）", "full": "香川県小豆郡土庄町甲、乙（東港）"}, {"postal_code": "7614106", "postal_hyphen": "761-4106", "pref": "香川県", "city": "小豆郡土庄町", "town": "甲、乙（本町）", "full": "香川県小豆郡土庄町甲、乙（本町）"}, {"postal_code": "7614102", "postal_hyphen": "761-4102", "pref": "香川県", "city": "小豆郡土庄町", "town": "甲、乙（港新町）", "full": "香川県小豆郡土庄町甲、乙（港新町）"}, {"postal_code": "7614113", "postal_hyphen": "761-4113", "pref": "香川県", "city": "小豆郡土庄町", "town": "甲、乙（柳）", "full": "香川県小豆郡土庄町甲、乙（柳）"}, {"postal_code": "7614104", "postal_hyphen": "761-4104", "pref": "香川県", "city": "小豆郡土庄町", "town": "甲、乙（吉ケ浦）", "full": "香川県小豆郡土庄町甲、乙（吉ケ浦）"}, {"postal_code": "7614101", "postal_hyphen": "761-4101", "pref": "香川県", "city": "小豆郡土庄町", "town": "甲、乙（その他）", "full": "香川県小豆郡土庄町甲、乙（その他）"}, {"postal_code": "7614300", "postal_hyphen": "761-4300", "pref": "香川県", "city": "小豆郡小豆島町", "town": "", "full": "香川県小豆郡小豆島町"}, {"postal_code": "7614403", "postal_hyphen": "761-4403", "pref": "香川県", "city": "小豆郡小豆島町", "town": "当浜", "full": "香川県小豆郡小豆島町当浜"}, {"postal_code": "7614301", "postal_hyphen": "761-4301", "pref": "香川県", "city": "小豆郡小豆島町", "town": "池田", "full": "香川県小豆郡小豆島町池田"}, {"postal_code": "7614404", "postal_hyphen": "761-4404", "pref": "香川県", "city": "小豆郡小豆島町", "town": "岩谷", "full": "香川県小豆郡小豆島町岩谷"}, {"postal_code": "7614426", "postal_hyphen": "761-4426", "pref": "香川県", "city": "小豆郡小豆島町", "town": "馬木", "full": "香川県小豆郡小豆島町馬木"}, {"postal_code": "7614431", "postal_hyphen": "761-4431", "pref": "香川県", "city": "小豆郡小豆島町", "town": "片城", "full": "香川県小豆郡小豆島町片城"}, {"postal_code": "7614307", "postal_hyphen": "761-4307", "pref": "香川県", "city": "小豆郡小豆島町", "town": "蒲野", "full": "香川県小豆郡小豆島町蒲野"}, {"postal_code": "7614302", "postal_hyphen": "761-4302", "pref": "香川県", "city": "小豆郡小豆島町", "town": "蒲生", "full": "香川県小豆郡小豆島町蒲生"}, {"postal_code": "7614433", "postal_hyphen": "761-4433", "pref": "香川県", "city": "小豆郡小豆島町", "town": "神懸通", "full": "香川県小豆郡小豆島町神懸通"}, {"postal_code": "7614412", "postal_hyphen": "761-4412", "pref": "香川県", "city": "小豆郡小豆島町", "town": "木庄", "full": "香川県小豆郡小豆島町木庄"}, {"postal_code": "7614432", "postal_hyphen": "761-4432", "pref": "香川県", "city": "小豆郡小豆島町", "town": "草壁本町", "full": "香川県小豆郡小豆島町草壁本町"}, {"postal_code": "7614308", "postal_hyphen": "761-4308", "pref": "香川県", "city": "小豆郡小豆島町", "town": "神浦", "full": "香川県小豆郡小豆島町神浦"}, {"postal_code": "7614425", "postal_hyphen": "761-4425", "pref": "香川県", "city": "小豆郡小豆島町", "town": "坂手", "full": "香川県小豆郡小豆島町坂手"}, {"postal_code": "7614405", "postal_hyphen": "761-4405", "pref": "香川県", "city": "小豆郡小豆島町", "town": "橘", "full": "香川県小豆郡小豆島町橘"}, {"postal_code": "7614424", "postal_hyphen": "761-4424", "pref": "香川県", "city": "小豆郡小豆島町", "town": "田浦", "full": "香川県小豆郡小豆島町田浦"}, {"postal_code": "7614155", "postal_hyphen": "761-4155", "pref": "香川県", "city": "小豆郡小豆島町", "town": "中山（美しの原高原）", "full": "香川県小豆郡小豆島町中山（美しの原高原）"}, {"postal_code": "7614155", "postal_hyphen": "761-4155", "pref": "香川県", "city": "小豆郡小豆島町", "town": "中山（蛙子鳴滝）", "full": "香川県小豆郡小豆島町中山（蛙子鳴滝）"}, {"postal_code": "7614303", "postal_hyphen": "761-4303", "pref": "香川県", "city": "小豆郡小豆島町", "town": "中山（その他）", "full": "香川県小豆郡小豆島町中山（その他）"}, {"postal_code": "7614434", "postal_hyphen": "761-4434", "pref": "香川県", "city": "小豆郡小豆島町", "town": "西村", "full": "香川県小豆郡小豆島町西村"}, {"postal_code": "7614421", "postal_hyphen": "761-4421", "pref": "香川県", "city": "小豆郡小豆島町", "town": "苗羽", "full": "香川県小豆郡小豆島町苗羽"}, {"postal_code": "7614402", "postal_hyphen": "761-4402", "pref": "香川県", "city": "小豆郡小豆島町", "town": "福田", "full": "香川県小豆郡小豆島町福田"}, {"postal_code": "7614305", "postal_hyphen": "761-4305", "pref": "香川県", "city": "小豆郡小豆島町", "town": "二面", "full": "香川県小豆郡小豆島町二面"}, {"postal_code": "7614422", "postal_hyphen": "761-4422", "pref": "香川県", "city": "小豆郡小豆島町", "town": "古江", "full": "香川県小豆郡小豆島町古江"}, {"postal_code": "7614423", "postal_hyphen": "761-4423", "pref": "香川県", "city": "小豆郡小豆島町", "town": "堀越", "full": "香川県小豆郡小豆島町堀越"}, {"postal_code": "7614304", "postal_hyphen": "761-4304", "pref": "香川県", "city": "小豆郡小豆島町", "town": "室生", "full": "香川県小豆郡小豆島町室生"}, {"postal_code": "7614411", "postal_hyphen": "761-4411", "pref": "香川県", "city": "小豆郡小豆島町", "town": "安田", "full": "香川県小豆郡小豆島町安田"}, {"postal_code": "7614401", "postal_hyphen": "761-4401", "pref": "香川県", "city": "小豆郡小豆島町", "town": "吉田", "full": "香川県小豆郡小豆島町吉田"}, {"postal_code": "7614306", "postal_hyphen": "761-4306", "pref": "香川県", "city": "小豆郡小豆島町", "town": "吉野", "full": "香川県小豆郡小豆島町吉野"}, {"postal_code": "7610700", "postal_hyphen": "761-0700", "pref": "香川県", "city": "木田郡三木町", "town": "", "full": "香川県木田郡三木町"}, {"postal_code": "7610614", "postal_hyphen": "761-0614", "pref": "香川県", "city": "木田郡三木町", "town": "朝倉", "full": "香川県木田郡三木町朝倉"}, {"postal_code": "7610701", "postal_hyphen": "761-0701", "pref": "香川県", "city": "木田郡三木町", "town": "池戸", "full": "香川県木田郡三木町池戸"}, {"postal_code": "7610823", "postal_hyphen": "761-0823", "pref": "香川県", "city": "木田郡三木町", "town": "井戸", "full": "香川県木田郡三木町井戸"}, {"postal_code": "7610705", "postal_hyphen": "761-0705", "pref": "香川県", "city": "木田郡三木町", "town": "井上", "full": "香川県木田郡三木町井上"}, {"postal_code": "7610822", "postal_hyphen": "761-0822", "pref": "香川県", "city": "木田郡三木町", "town": "奥山", "full": "香川県木田郡三木町奥山"}, {"postal_code": "7610821", "postal_hyphen": "761-0821", "pref": "香川県", "city": "木田郡三木町", "town": "鹿庭", "full": "香川県木田郡三木町鹿庭"}, {"postal_code": "7610613", "postal_hyphen": "761-0613", "pref": "香川県", "city": "木田郡三木町", "town": "上高岡", "full": "香川県木田郡三木町上高岡"}, {"postal_code": "7610615", "postal_hyphen": "761-0615", "pref": "香川県", "city": "木田郡三木町", "town": "小蓑", "full": "香川県木田郡三木町小蓑"}, {"postal_code": "7610703", "postal_hyphen": "761-0703", "pref": "香川県", "city": "木田郡三木町", "town": "鹿伏", "full": "香川県木田郡三木町鹿伏"}, {"postal_code": "7610704", "postal_hyphen": "761-0704", "pref": "香川県", "city": "木田郡三木町", "town": "下高岡", "full": "香川県木田郡三木町下高岡"}, {"postal_code": "7610611", "postal_hyphen": "761-0611", "pref": "香川県", "city": "木田郡三木町", "town": "田中", "full": "香川県木田郡三木町田中"}, {"postal_code": "7610612", "postal_hyphen": "761-0612", "pref": "香川県", "city": "木田郡三木町", "town": "氷上", "full": "香川県木田郡三木町氷上"}, {"postal_code": "7610702", "postal_hyphen": "761-0702", "pref": "香川県", "city": "木田郡三木町", "town": "平木", "full": "香川県木田郡三木町平木"}, {"postal_code": "7613110", "postal_hyphen": "761-3110", "pref": "香川県", "city": "香川郡直島町", "town": "直島町一円", "full": "香川県香川郡直島町直島町一円"}, {"postal_code": "7690200", "postal_hyphen": "769-0200", "pref": "香川県", "city": "綾歌郡宇多津町", "town": "", "full": "香川県綾歌郡宇多津町"}, {"postal_code": "7690210", "postal_hyphen": "769-0210", "pref": "香川県", "city": "綾歌郡宇多津町", "town": "宇多津町の次に番地がくる場合", "full": "香川県綾歌郡宇多津町宇多津町の次に番地がくる場合"}, {"postal_code": "7690227", "postal_hyphen": "769-0227", "pref": "香川県", "city": "綾歌郡宇多津町", "town": "岩屋", "full": "香川県綾歌郡宇多津町岩屋"}, {"postal_code": "7690222", "postal_hyphen": "769-0222", "pref": "香川県", "city": "綾歌郡宇多津町", "town": "大橋", "full": "香川県綾歌郡宇多津町大橋"}, {"postal_code": "7690226", "postal_hyphen": "769-0226", "pref": "香川県", "city": "綾歌郡宇多津町", "town": "坂下", "full": "香川県綾歌郡宇多津町坂下"}, {"postal_code": "7690223", "postal_hyphen": "769-0223", "pref": "香川県", "city": "綾歌郡宇多津町", "town": "新開", "full": "香川県綾歌郡宇多津町新開"}, {"postal_code": "7690225", "postal_hyphen": "769-0225", "pref": "香川県", "city": "綾歌郡宇多津町", "town": "新町", "full": "香川県綾歌郡宇多津町新町"}, {"postal_code": "7690211", "postal_hyphen": "769-0211", "pref": "香川県", "city": "綾歌郡宇多津町", "town": "十楽寺", "full": "香川県綾歌郡宇多津町十楽寺"}, {"postal_code": "7690212", "postal_hyphen": "769-0212", "pref": "香川県", "city": "綾歌郡宇多津町", "town": "沼ノ池", "full": "香川県綾歌郡宇多津町沼ノ池"}, {"postal_code": "7690201", "postal_hyphen": "769-0201", "pref": "香川県", "city": "綾歌郡宇多津町", "town": "浜一番丁", "full": "香川県綾歌郡宇多津町浜一番丁"}, {"postal_code": "7690202", "postal_hyphen": "769-0202", "pref": "香川県", "city": "綾歌郡宇多津町", "town": "浜二番丁", "full": "香川県綾歌郡宇多津町浜二番丁"}, {"postal_code": "7690203", "postal_hyphen": "769-0203", "pref": "香川県", "city": "綾歌郡宇多津町", "town": "浜三番丁", "full": "香川県綾歌郡宇多津町浜三番丁"}, {"postal_code": "7690204", "postal_hyphen": "769-0204", "pref": "香川県", "city": "綾歌郡宇多津町", "town": "浜四番丁", "full": "香川県綾歌郡宇多津町浜四番丁"}, {"postal_code": "7690205", "postal_hyphen": "769-0205", "pref": "香川県", "city": "綾歌郡宇多津町", "town": "浜五番丁", "full": "香川県綾歌郡宇多津町浜五番丁"}, {"postal_code": "7690206", "postal_hyphen": "769-0206", "pref": "香川県", "city": "綾歌郡宇多津町", "town": "浜六番丁", "full": "香川県綾歌郡宇多津町浜六番丁"}, {"postal_code": "7690207", "postal_hyphen": "769-0207", "pref": "香川県", "city": "綾歌郡宇多津町", "town": "浜七番丁", "full": "香川県綾歌郡宇多津町浜七番丁"}, {"postal_code": "7690208", "postal_hyphen": "769-0208", "pref": "香川県", "city": "綾歌郡宇多津町", "town": "浜八番丁", "full": "香川県綾歌郡宇多津町浜八番丁"}, {"postal_code": "7690209", "postal_hyphen": "769-0209", "pref": "香川県", "city": "綾歌郡宇多津町", "town": "浜九番丁", "full": "香川県綾歌郡宇多津町浜九番丁"}, {"postal_code": "7690213", "postal_hyphen": "769-0213", "pref": "香川県", "city": "綾歌郡宇多津町", "town": "東分", "full": "香川県綾歌郡宇多津町東分"}, {"postal_code": "7690224", "postal_hyphen": "769-0224", "pref": "香川県", "city": "綾歌郡宇多津町", "town": "平山", "full": "香川県綾歌郡宇多津町平山"}, {"postal_code": "7690228", "postal_hyphen": "769-0228", "pref": "香川県", "city": "綾歌郡宇多津町", "town": "向山", "full": "香川県綾歌郡宇多津町向山"}, {"postal_code": "7690221", "postal_hyphen": "769-0221", "pref": "香川県", "city": "綾歌郡宇多津町", "town": "吉田", "full": "香川県綾歌郡宇多津町吉田"}, {"postal_code": "7612300", "postal_hyphen": "761-2300", "pref": "香川県", "city": "綾歌郡綾川町", "town": "", "full": "香川県綾歌郡綾川町"}, {"postal_code": "7612208", "postal_hyphen": "761-2208", "pref": "香川県", "city": "綾歌郡綾川町", "town": "牛川", "full": "香川県綾歌郡綾川町牛川"}, {"postal_code": "7612307", "postal_hyphen": "761-2307", "pref": "香川県", "city": "綾歌郡綾川町", "town": "小野", "full": "香川県綾歌郡綾川町小野"}, {"postal_code": "7612304", "postal_hyphen": "761-2304", "pref": "香川県", "city": "綾歌郡綾川町", "town": "萱原", "full": "香川県綾歌郡綾川町萱原"}, {"postal_code": "7612306", "postal_hyphen": "761-2306", "pref": "香川県", "city": "綾歌郡綾川町", "town": "北", "full": "香川県綾歌郡綾川町北"}, {"postal_code": "7612103", "postal_hyphen": "761-2103", "pref": "香川県", "city": "綾歌郡綾川町", "town": "陶", "full": "香川県綾歌郡綾川町陶"}, {"postal_code": "7612102", "postal_hyphen": "761-2102", "pref": "香川県", "city": "綾歌郡綾川町", "town": "千疋", "full": "香川県綾歌郡綾川町千疋"}, {"postal_code": "7612202", "postal_hyphen": "761-2202", "pref": "香川県", "city": "綾歌郡綾川町", "town": "枌所西", "full": "香川県綾歌郡綾川町枌所西"}, {"postal_code": "7612201", "postal_hyphen": "761-2201", "pref": "香川県", "city": "綾歌郡綾川町", "town": "枌所東", "full": "香川県綾歌郡綾川町枌所東"}, {"postal_code": "7612305", "postal_hyphen": "761-2305", "pref": "香川県", "city": "綾歌郡綾川町", "town": "滝宮", "full": "香川県綾歌郡綾川町滝宮"}, {"postal_code": "7612206", "postal_hyphen": "761-2206", "pref": "香川県", "city": "綾歌郡綾川町", "town": "西分", "full": "香川県綾歌郡綾川町西分"}, {"postal_code": "7612101", "postal_hyphen": "761-2101", "pref": "香川県", "city": "綾歌郡綾川町", "town": "畑田", "full": "香川県綾歌郡綾川町畑田"}, {"postal_code": "7612207", "postal_hyphen": "761-2207", "pref": "香川県", "city": "綾歌郡綾川町", "town": "羽床上", "full": "香川県綾歌郡綾川町羽床上"}, {"postal_code": "7612308", "postal_hyphen": "761-2308", "pref": "香川県", "city": "綾歌郡綾川町", "town": "羽床下", "full": "香川県綾歌郡綾川町羽床下"}, {"postal_code": "7612205", "postal_hyphen": "761-2205", "pref": "香川県", "city": "綾歌郡綾川町", "town": "東分", "full": "香川県綾歌郡綾川町東分"}, {"postal_code": "7612203", "postal_hyphen": "761-2203", "pref": "香川県", "city": "綾歌郡綾川町", "town": "山田上", "full": "香川県綾歌郡綾川町山田上"}, {"postal_code": "7612204", "postal_hyphen": "761-2204", "pref": "香川県", "city": "綾歌郡綾川町", "town": "山田下", "full": "香川県綾歌郡綾川町山田下"}, {"postal_code": "7660000", "postal_hyphen": "766-0000", "pref": "香川県", "city": "仲多度郡琴平町", "town": "", "full": "香川県仲多度郡琴平町"}, {"postal_code": "7660004", "postal_hyphen": "766-0004", "pref": "香川県", "city": "仲多度郡琴平町", "town": "榎井", "full": "香川県仲多度郡琴平町榎井"}, {"postal_code": "7660006", "postal_hyphen": "766-0006", "pref": "香川県", "city": "仲多度郡琴平町", "town": "上櫛梨", "full": "香川県仲多度郡琴平町上櫛梨"}, {"postal_code": "7660002", "postal_hyphen": "766-0002", "pref": "香川県", "city": "仲多度郡琴平町", "town": "琴平町の次に１〜４２６番地がくる場合（川東）", "full": "香川県仲多度郡琴平町琴平町の次に１〜４２６番地がくる場合（川東）"}, {"postal_code": "7660001", "postal_hyphen": "766-0001", "pref": "香川県", "city": "仲多度郡琴平町", "town": "琴平町の次に４２７番地以降がくる場合（川西）", "full": "香川県仲多度郡琴平町琴平町の次に４２７番地以降がくる場合（川西）"}, {"postal_code": "7660003", "postal_hyphen": "766-0003", "pref": "香川県", "city": "仲多度郡琴平町", "town": "五條", "full": "香川県仲多度郡琴平町五條"}, {"postal_code": "7660007", "postal_hyphen": "766-0007", "pref": "香川県", "city": "仲多度郡琴平町", "town": "下櫛梨", "full": "香川県仲多度郡琴平町下櫛梨"}, {"postal_code": "7660005", "postal_hyphen": "766-0005", "pref": "香川県", "city": "仲多度郡琴平町", "town": "苗田", "full": "香川県仲多度郡琴平町苗田"}, {"postal_code": "7640000", "postal_hyphen": "764-0000", "pref": "香川県", "city": "仲多度郡多度津町", "town": "", "full": "香川県仲多度郡多度津町"}, {"postal_code": "7640033", "postal_hyphen": "764-0033", "pref": "香川県", "city": "仲多度郡多度津町", "town": "青木", "full": "香川県仲多度郡多度津町青木"}, {"postal_code": "7640005", "postal_hyphen": "764-0005", "pref": "香川県", "city": "仲多度郡多度津町", "town": "大通り", "full": "香川県仲多度郡多度津町大通り"}, {"postal_code": "7640035", "postal_hyphen": "764-0035", "pref": "香川県", "city": "仲多度郡多度津町", "town": "奥白方", "full": "香川県仲多度郡多度津町奥白方"}, {"postal_code": "7640028", "postal_hyphen": "764-0028", "pref": "香川県", "city": "仲多度郡多度津町", "town": "葛原", "full": "香川県仲多度郡多度津町葛原"}, {"postal_code": "7640002", "postal_hyphen": "764-0002", "pref": "香川県", "city": "仲多度郡多度津町", "town": "家中", "full": "香川県仲多度郡多度津町家中"}, {"postal_code": "7640022", "postal_hyphen": "764-0022", "pref": "香川県", "city": "仲多度郡多度津町", "town": "北鴨", "full": "香川県仲多度郡多度津町北鴨"}, {"postal_code": "7640013", "postal_hyphen": "764-0013", "pref": "香川県", "city": "仲多度郡多度津町", "town": "京町", "full": "香川県仲多度郡多度津町京町"}, {"postal_code": "7640025", "postal_hyphen": "764-0025", "pref": "香川県", "city": "仲多度郡多度津町", "town": "寿町", "full": "香川県仲多度郡多度津町寿町"}, {"postal_code": "7640024", "postal_hyphen": "764-0024", "pref": "香川県", "city": "仲多度郡多度津町", "town": "幸町", "full": "香川県仲多度郡多度津町幸町"}, {"postal_code": "7640011", "postal_hyphen": "764-0011", "pref": "香川県", "city": "仲多度郡多度津町", "town": "栄町", "full": "香川県仲多度郡多度津町栄町"}, {"postal_code": "7640012", "postal_hyphen": "764-0012", "pref": "香川県", "city": "仲多度郡多度津町", "town": "桜川", "full": "香川県仲多度郡多度津町桜川"}, {"postal_code": "7640040", "postal_hyphen": "764-0040", "pref": "香川県", "city": "仲多度郡多度津町", "town": "佐柳", "full": "香川県仲多度郡多度津町佐柳"}, {"postal_code": "7640031", "postal_hyphen": "764-0031", "pref": "香川県", "city": "仲多度郡多度津町", "town": "庄", "full": "香川県仲多度郡多度津町庄"}, {"postal_code": "7640050", "postal_hyphen": "764-0050", "pref": "香川県", "city": "仲多度郡多度津町", "town": "高見", "full": "香川県仲多度郡多度津町高見"}, {"postal_code": "7640027", "postal_hyphen": "764-0027", "pref": "香川県", "city": "仲多度郡多度津町", "town": "道福寺", "full": "香川県仲多度郡多度津町道福寺"}, {"postal_code": "7640004", "postal_hyphen": "764-0004", "pref": "香川県", "city": "仲多度郡多度津町", "town": "仲ノ町", "full": "香川県仲多度郡多度津町仲ノ町"}, {"postal_code": "7640037", "postal_hyphen": "764-0037", "pref": "香川県", "city": "仲多度郡多度津町", "town": "西白方", "full": "香川県仲多度郡多度津町西白方"}, {"postal_code": "7640015", "postal_hyphen": "764-0015", "pref": "香川県", "city": "仲多度郡多度津町", "town": "西浜", "full": "香川県仲多度郡多度津町西浜"}, {"postal_code": "7640017", "postal_hyphen": "764-0017", "pref": "香川県", "city": "仲多度郡多度津町", "town": "西港町", "full": "香川県仲多度郡多度津町西港町"}, {"postal_code": "7640038", "postal_hyphen": "764-0038", "pref": "香川県", "city": "仲多度郡多度津町", "town": "東白方", "full": "香川県仲多度郡多度津町東白方"}, {"postal_code": "7640001", "postal_hyphen": "764-0001", "pref": "香川県", "city": "仲多度郡多度津町", "town": "東新町", "full": "香川県仲多度郡多度津町東新町"}, {"postal_code": "7640016", "postal_hyphen": "764-0016", "pref": "香川県", "city": "仲多度郡多度津町", "town": "東浜", "full": "香川県仲多度郡多度津町東浜"}, {"postal_code": "7640018", "postal_hyphen": "764-0018", "pref": "香川県", "city": "仲多度郡多度津町", "town": "東港町", "full": "香川県仲多度郡多度津町東港町"}, {"postal_code": "7640006", "postal_hyphen": "764-0006", "pref": "香川県", "city": "仲多度郡多度津町", "town": "日の出町", "full": "香川県仲多度郡多度津町日の出町"}, {"postal_code": "7640021", "postal_hyphen": "764-0021", "pref": "香川県", "city": "仲多度郡多度津町", "town": "堀江", "full": "香川県仲多度郡多度津町堀江"}, {"postal_code": "7640014", "postal_hyphen": "764-0014", "pref": "香川県", "city": "仲多度郡多度津町", "town": "本通", "full": "香川県仲多度郡多度津町本通"}, {"postal_code": "7640032", "postal_hyphen": "764-0032", "pref": "香川県", "city": "仲多度郡多度津町", "town": "三井", "full": "香川県仲多度郡多度津町三井"}, {"postal_code": "7640036", "postal_hyphen": "764-0036", "pref": "香川県", "city": "仲多度郡多度津町", "town": "見立", "full": "香川県仲多度郡多度津町見立"}, {"postal_code": "7640026", "postal_hyphen": "764-0026", "pref": "香川県", "city": "仲多度郡多度津町", "town": "南鴨", "full": "香川県仲多度郡多度津町南鴨"}, {"postal_code": "7640003", "postal_hyphen": "764-0003", "pref": "香川県", "city": "仲多度郡多度津町", "town": "元町", "full": "香川県仲多度郡多度津町元町"}, {"postal_code": "7640034", "postal_hyphen": "764-0034", "pref": "香川県", "city": "仲多度郡多度津町", "town": "山階", "full": "香川県仲多度郡多度津町山階"}, {"postal_code": "7640023", "postal_hyphen": "764-0023", "pref": "香川県", "city": "仲多度郡多度津町", "town": "若葉町", "full": "香川県仲多度郡多度津町若葉町"}, {"postal_code": "7660000", "postal_hyphen": "766-0000", "pref": "香川県", "city": "仲多度郡まんのう町", "town": "", "full": "香川県仲多度郡まんのう町"}, {"postal_code": "7690313", "postal_hyphen": "769-0313", "pref": "香川県", "city": "仲多度郡まんのう町", "town": "生間", "full": "香川県仲多度郡まんのう町生間"}, {"postal_code": "7690315", "postal_hyphen": "769-0315", "pref": "香川県", "city": "仲多度郡まんのう町", "town": "後山", "full": "香川県仲多度郡まんのう町後山"}, {"postal_code": "7690319", "postal_hyphen": "769-0319", "pref": "香川県", "city": "仲多度郡まんのう町", "town": "追上", "full": "香川県仲多度郡まんのう町追上"}, {"postal_code": "7690316", "postal_hyphen": "769-0316", "pref": "香川県", "city": "仲多度郡まんのう町", "town": "大口", "full": "香川県仲多度郡まんのう町大口"}, {"postal_code": "7690311", "postal_hyphen": "769-0311", "pref": "香川県", "city": "仲多度郡まんのう町", "town": "買田", "full": "香川県仲多度郡まんのう町買田"}, {"postal_code": "7660204", "postal_hyphen": "766-0204", "pref": "香川県", "city": "仲多度郡まんのう町", "town": "勝浦", "full": "香川県仲多度郡まんのう町勝浦"}, {"postal_code": "7660203", "postal_hyphen": "766-0203", "pref": "香川県", "city": "仲多度郡まんのう町", "town": "川東", "full": "香川県仲多度郡まんのう町川東"}, {"postal_code": "7660024", "postal_hyphen": "766-0024", "pref": "香川県", "city": "仲多度郡まんのう町", "town": "神野", "full": "香川県仲多度郡まんのう町神野"}, {"postal_code": "7660026", "postal_hyphen": "766-0026", "pref": "香川県", "city": "仲多度郡まんのう町", "town": "岸上", "full": "香川県仲多度郡まんのう町岸上"}, {"postal_code": "7660011", "postal_hyphen": "766-0011", "pref": "香川県", "city": "仲多度郡まんのう町", "town": "公文", "full": "香川県仲多度郡まんのう町公文"}, {"postal_code": "7660027", "postal_hyphen": "766-0027", "pref": "香川県", "city": "仲多度郡まんのう町", "town": "五條", "full": "香川県仲多度郡まんのう町五條"}, {"postal_code": "7690301", "postal_hyphen": "769-0301", "pref": "香川県", "city": "仲多度郡まんのう町", "town": "佐文", "full": "香川県仲多度郡まんのう町佐文"}, {"postal_code": "7690302", "postal_hyphen": "769-0302", "pref": "香川県", "city": "仲多度郡まんのう町", "town": "塩入", "full": "香川県仲多度郡まんのう町塩入"}, {"postal_code": "7660021", "postal_hyphen": "766-0021", "pref": "香川県", "city": "仲多度郡まんのう町", "town": "四條", "full": "香川県仲多度郡まんのう町四條"}, {"postal_code": "7690303", "postal_hyphen": "769-0303", "pref": "香川県", "city": "仲多度郡まんのう町", "town": "七箇", "full": "香川県仲多度郡まんのう町七箇"}, {"postal_code": "7690317", "postal_hyphen": "769-0317", "pref": "香川県", "city": "仲多度郡まんのう町", "town": "新目", "full": "香川県仲多度郡まんのう町新目"}, {"postal_code": "7660017", "postal_hyphen": "766-0017", "pref": "香川県", "city": "仲多度郡まんのう町", "town": "炭所西", "full": "香川県仲多度郡まんのう町炭所西"}, {"postal_code": "7660016", "postal_hyphen": "766-0016", "pref": "香川県", "city": "仲多度郡まんのう町", "town": "炭所東", "full": "香川県仲多度郡まんのう町炭所東"}, {"postal_code": "7660201", "postal_hyphen": "766-0201", "pref": "香川県", "city": "仲多度郡まんのう町", "town": "造田", "full": "香川県仲多度郡まんのう町造田"}, {"postal_code": "7660015", "postal_hyphen": "766-0015", "pref": "香川県", "city": "仲多度郡まんのう町", "town": "長尾", "full": "香川県仲多度郡まんのう町長尾"}, {"postal_code": "7660202", "postal_hyphen": "766-0202", "pref": "香川県", "city": "仲多度郡まんのう町", "town": "中通", "full": "香川県仲多度郡まんのう町中通"}, {"postal_code": "7660012", "postal_hyphen": "766-0012", "pref": "香川県", "city": "仲多度郡まんのう町", "town": "西高篠", "full": "香川県仲多度郡まんのう町西高篠"}, {"postal_code": "7660014", "postal_hyphen": "766-0014", "pref": "香川県", "city": "仲多度郡まんのう町", "town": "羽間", "full": "香川県仲多度郡まんのう町羽間"}, {"postal_code": "7660013", "postal_hyphen": "766-0013", "pref": "香川県", "city": "仲多度郡まんのう町", "town": "東高篠", "full": "香川県仲多度郡まんのう町東高篠"}, {"postal_code": "7690314", "postal_hyphen": "769-0314", "pref": "香川県", "city": "仲多度郡まんのう町", "town": "帆山", "full": "香川県仲多度郡まんのう町帆山"}, {"postal_code": "7660025", "postal_hyphen": "766-0025", "pref": "香川県", "city": "仲多度郡まんのう町", "town": "真野", "full": "香川県仲多度郡まんのう町真野"}, {"postal_code": "7690312", "postal_hyphen": "769-0312", "pref": "香川県", "city": "仲多度郡まんのう町", "town": "宮田", "full": "香川県仲多度郡まんのう町宮田"}, {"postal_code": "7690318", "postal_hyphen": "769-0318", "pref": "香川県", "city": "仲多度郡まんのう町", "town": "山脇", "full": "香川県仲多度郡まんのう町山脇"}, {"postal_code": "7660023", "postal_hyphen": "766-0023", "pref": "香川県", "city": "仲多度郡まんのう町", "town": "吉野", "full": "香川県仲多度郡まんのう町吉野"}, {"postal_code": "7660022", "postal_hyphen": "766-0022", "pref": "香川県", "city": "仲多度郡まんのう町", "town": "吉野下", "full": "香川県仲多度郡まんのう町吉野下"}]